sailing_id,recognition_date,recognition_month,region,ship_class,cash_collected,recognized_revenue,deferred_revenue,refund_exposure,cancellation_penalties
SA00001,2024-01-24,2024-01-01 00:00:00,Northern Europe,Expedition,783771.3199999998,769167.2500000001,14604.069999999716,7852.2699999999995,6751.799999999999
SA00002,2024-02-08,2024-02-01 00:00:00,Alaska,Expedition,1032315.1399999999,1017865.2799999997,14449.860000000219,9304.61,5145.25
SA00003,2024-02-23,2024-02-01 00:00:00,European Rivers,Expedition,636599.1699999997,624038.42,12560.74999999965,7291.070000000001,5269.68
SA00004,2024-03-09,2024-03-01 00:00:00,Caribbean,Expedition,959624.3799999998,938304.6799999999,21319.699999999837,12202.16,9117.539999999999
SA00005,2024-03-22,2024-03-01 00:00:00,Alaska,Expedition,1001645.1699999997,983139.1599999999,18506.009999999776,9201.2,9304.81
SA00006,2024-04-10,2024-04-01 00:00:00,Asia Pacific,Expedition,1358063.15,1341179.5200000003,16883.629999999655,9611.74,7271.889999999999
SA00007,2024-04-26,2024-04-01 00:00:00,Caribbean,Expedition,757942.3300000001,741961.03,15981.300000000047,8303.060000000001,7678.24
SA00008,2024-05-07,2024-05-01 00:00:00,European Rivers,Expedition,755963.2499999999,751437.02,4526.229999999865,3168.37,1357.8600000000001
SA00009,2024-05-20,2024-05-01 00:00:00,Caribbean,Expedition,898232.2,875703.9400000001,22528.259999999893,12299.43,10228.83
SA00010,2024-06-04,2024-06-01 00:00:00,European Rivers,Expedition,678560.35,672391.6600000003,6168.689999999711,2814.52,3354.17
SA00011,2024-06-20,2024-06-01 00:00:00,Mediterranean,Expedition,1649743.1800000002,1631494.2,18248.980000000214,10052.45,8196.53
SA00012,2024-07-05,2024-07-01 00:00:00,Alaska,Expedition,849084.7699999999,832854.4200000002,16230.349999999744,10693.9,5536.449999999999
SA00013,2024-07-23,2024-07-01 00:00:00,Northern Europe,Expedition,604777.72,597720.5,7057.219999999972,4940.049999999999,2117.17
SA00014,2024-08-11,2024-08-01 00:00:00,Mediterranean,Expedition,1524322.6100000003,1509695.1699999997,14627.440000000643,9009.37,5618.07
SA00015,2024-08-24,2024-08-01 00:00:00,Caribbean,Expedition,900817.5400000002,888875.8999999999,11941.640000000247,6581.790000000001,5359.85
SA00016,2024-09-08,2024-09-01 00:00:00,Alaska,Expedition,833614.2799999998,813722.6599999998,19891.619999999995,10940.48,8951.14
SA00017,2024-09-24,2024-09-01 00:00:00,Northern Europe,Expedition,745857.1699999999,742062.1900000002,3794.9799999997485,1517.99,2276.99
SA00018,2024-10-07,2024-10-01 00:00:00,Alaska,Expedition,737724.7799999998,722501.4399999997,15223.340000000084,9815.29,5408.05
SA00019,2024-10-19,2024-10-01 00:00:00,Mediterranean,Expedition,745367.1899999998,727436.7499999997,17930.440000000177,9652.52,8277.92
SA00020,2024-10-29,2024-10-01 00:00:00,Caribbean,Expedition,518039.25,510245.23999999993,7794.0100000000675,4321.83,3472.18
SA00021,2024-11-11,2024-11-01 00:00:00,Alaska,Expedition,928822.3300000004,915360.41,13461.920000000391,6185.42,7276.5
SA00022,2024-11-22,2024-11-01 00:00:00,European Rivers,Expedition,515850.93,508492.6900000001,7358.239999999874,3999.2400000000002,3359.0
SA00023,2024-12-08,2024-12-01 00:00:00,Alaska,Expedition,880635.4499999997,851832.4799999999,28802.969999999856,16454.9,12348.07
SA00024,2024-12-25,2024-12-01 00:00:00,Northern Europe,Expedition,783717.6899999997,780374.18,3343.50999999966,2340.46,1003.05
SA00025,2025-01-04,2025-01-01 00:00:00,Mediterranean,Expedition,892181.4100000003,889728.19,2453.2200000003213,1717.25,735.97
SA00026,2025-01-18,2025-01-01 00:00:00,European Rivers,Expedition,671168.69,655576.0300000001,15592.6599999998,8916.89,6675.77
SA00027,2025-02-05,2025-02-01 00:00:00,Asia Pacific,Expedition,1382670.0299999996,1346695.9199999997,35974.10999999987,18988.01,16986.1
SA00028,2025-02-22,2025-02-01 00:00:00,Northern Europe,Expedition,684392.15,677316.3800000001,7075.769999999902,4953.04,2122.73
SA00029,2025-03-07,2025-03-01 00:00:00,Caribbean,Expedition,897125.7099999998,859961.1999999998,37164.51000000001,16707.469999999998,20457.04
SA00030,2025-03-23,2025-03-01 00:00:00,Alaska,Expedition,807624.4400000001,795969.5000000002,11654.939999999828,7341.68,4313.26
SA00031,2025-04-11,2025-04-01 00:00:00,Asia Pacific,Expedition,1284848.43,1261610.37,23238.059999999823,13170.26,10067.8
SA00032,2025-04-23,2025-04-01 00:00:00,Mediterranean,Expedition,834063.7700000001,817371.02,16692.750000000116,8411.8,8280.95
SA00033,2025-05-08,2025-05-01 00:00:00,Northern Europe,Expedition,736876.0000000002,730225.58,6650.420000000275,2660.17,3990.25
SA00034,2025-05-21,2025-05-01 00:00:00,Alaska,Expedition,924819.1200000002,913080.9900000001,11738.130000000121,5669.57,6068.56
SA00035,2025-06-08,2025-06-01 00:00:00,Asia Pacific,Expedition,1030029.4400000002,1022475.3400000001,7554.100000000093,5287.87,2266.23
SA00036,2025-06-21,2025-06-01 00:00:00,Caribbean,Expedition,472311.07,467399.86,4911.210000000021,3163.7,1747.5100000000002
SA00037,2025-07-11,2025-07-01 00:00:00,Asia Pacific,Expedition,1047255.6799999998,1027044.91,20210.769999999786,11647.28,8563.49
SA00038,2025-07-28,2025-07-01 00:00:00,Caribbean,Expedition,926112.6499999998,899507.0700000003,26605.579999999492,17269.67,9335.91
SA00039,2025-08-17,2025-08-01 00:00:00,Asia Pacific,Expedition,1209856.8599999999,1195098.9400000004,14757.91999999946,10330.539999999999,4427.38
SA00040,2025-08-31,2025-08-01 00:00:00,Mediterranean,Expedition,775423.4299999999,771038.0800000002,4385.349999999744,3069.75,1315.6
SA00041,2025-09-12,2025-09-01 00:00:00,Alaska,Expedition,851608.2499999999,825065.3300000001,26542.91999999981,15573.38,10969.54
SA00042,2025-09-29,2025-09-01 00:00:00,Mediterranean,Expedition,1390639.4100000001,1363236.7500000007,27402.65999999945,17057.44,10345.220000000001
SA00043,2025-10-13,2025-10-01 00:00:00,European Rivers,Expedition,672009.5699999997,660989.4,11020.169999999693,5451.8,5568.37
SA00044,2025-10-28,2025-10-01 00:00:00,European Rivers,Expedition,587949.47,571395.86,16553.609999999986,9872.75,6680.86
SA00045,2025-11-15,2025-11-01 00:00:00,Mediterranean,Expedition,1577740.46,1551812.6699999995,25927.790000000503,13294.58,12633.21
SA00046,2025-11-29,2025-11-01 00:00:00,Caribbean,Expedition,936393.6099999996,927522.3300000001,8871.279999999562,3548.51,5322.77
SA00047,2025-12-13,2025-12-01 00:00:00,Caribbean,Expedition,546094.8699999998,533586.0499999999,12508.819999999832,6151.73,6357.09
SA00048,2026-01-01,2026-01-01 00:00:00,Mediterranean,Expedition,1670846.1799999995,1658440.2400000005,12405.939999999013,6041.4400000000005,6364.5
SA00049,2026-01-14,2026-01-01 00:00:00,Caribbean,Expedition,785284.9700000002,766046.45,19238.52000000025,9977.29,9261.23
SA00050,2026-01-31,2026-01-01 00:00:00,Asia Pacific,Expedition,1663800.88,1644074.9599999993,19725.920000000624,12289.17,7436.749999999999
SA00051,2026-02-15,2026-02-01 00:00:00,Mediterranean,Expedition,1668573.7999999998,1632449.0199999996,36124.78000000026,18610.15,17514.63
SA00052,2026-03-02,2026-03-01 00:00:00,Caribbean,Expedition,1059948.96,1045264.8599999996,14684.100000000326,9448.779999999999,5235.320000000001
SA00053,2026-03-17,2026-03-01 00:00:00,Mediterranean,Expedition,1461408.79,1442647.9000000001,18760.889999999898,8809.66,9951.23
SA00054,2026-04-02,2026-04-01 00:00:00,Alaska,Expedition,937381.7200000002,928572.3900000002,8809.329999999958,4448.26,4361.07
SA00055,2026-04-20,2026-04-01 00:00:00,Mediterranean,Expedition,1649823.6199999999,1631184.5500000005,18639.069999999367,8700.43,9938.64
SA00056,2026-05-07,2026-05-01 00:00:00,Northern Europe,Expedition,605567.1300000002,595055.31,10511.820000000182,6334.17,4177.65
SA00057,2026-05-19,2026-05-01 00:00:00,Alaska,Expedition,643346.1000000001,634962.77,8383.330000000075,5868.33,2515.0
SA00058,2026-06-07,2026-06-01 00:00:00,Mediterranean,Expedition,1244491.11,1230224.96,14266.15000000014,6900.820000000001,7365.33
SA00072,2024-01-17,2024-01-01 00:00:00,Caribbean,Ocean,971222.17,971222.1699999999,1.1641532182693481e-10,0.0,0.0
SA00073,2024-02-05,2024-02-01 00:00:00,Asia Pacific,Ocean,1344316.9199999995,1335618.65,8698.269999999553,4661.42,4036.8499999999995
SA00074,2024-02-22,2024-02-01 00:00:00,Caribbean,Ocean,805801.4699999999,801066.1099999998,4735.360000000102,2610.15,2125.21
SA00075,2024-03-05,2024-03-01 00:00:00,Caribbean,Ocean,808633.8,798343.0799999998,10290.720000000205,4622.160000000001,5668.56
SA00076,2024-03-18,2024-03-01 00:00:00,Alaska,Ocean,967748.3099999999,955107.5700000001,12640.739999999874,6594.22,6046.5199999999995
SA00077,2024-04-02,2024-04-01 00:00:00,European Rivers,Ocean,701765.4800000001,698641.9099999996,3123.570000000531,2186.5,937.0699999999999
SA00078,2024-04-14,2024-04-01 00:00:00,Alaska,Ocean,1027998.4199999998,1013018.5300000004,14979.889999999432,8248.51,6731.38
SA00079,2024-04-26,2024-04-01 00:00:00,Caribbean,Ocean,753932.1400000005,743189.49,10742.650000000489,4297.050000000001,6445.599999999999
SA00080,2024-05-15,2024-05-01 00:00:00,Mediterranean,Ocean,1669434.4500000004,1630764.8100000003,38669.64000000013,23280.46,15389.18
SA00081,2024-06-01,2024-06-01 00:00:00,Northern Europe,Ocean,883172.8899999999,858352.1100000002,24820.77999999968,12757.880000000003,12062.9
SA00082,2024-06-12,2024-06-01 00:00:00,Caribbean,Ocean,701684.4099999999,698943.4400000001,2740.9699999998556,1096.38,1644.59
SA00083,2024-06-30,2024-06-01 00:00:00,Northern Europe,Ocean,895381.66,880375.0399999997,15006.620000000345,9633.98,5372.64
SA00084,2024-07-16,2024-07-01 00:00:00,Mediterranean,Ocean,1611811.2599999988,1583534.2999999996,28276.959999999264,13808.06,14468.900000000001
SA00085,2024-08-02,2024-08-01 00:00:00,Mediterranean,Ocean,2016064.7099999993,1999498.169999999,16566.54000000027,11596.58,4969.96
SA00086,2024-08-21,2024-08-01 00:00:00,Mediterranean,Ocean,1906828.0599999996,1884133.2900000003,22694.76999999932,11281.009999999998,11413.76
SA00087,2024-09-10,2024-09-01 00:00:00,Asia Pacific,Ocean,1688186.89,1665395.38,22791.51000000001,12014.47,10777.039999999999
SA00088,2024-09-25,2024-09-01 00:00:00,Northern Europe,Ocean,1075549.4300000002,1064117.62,11431.810000000056,7122.75,4309.06
SA00089,2024-10-09,2024-10-01 00:00:00,Northern Europe,Ocean,756299.5599999997,742911.22,13388.339999999735,7518.18,5870.160000000001
SA00090,2024-10-28,2024-10-01 00:00:00,Mediterranean,Ocean,1878942.7699999984,1849719.2499999993,29223.519999999087,18090.53,11132.989999999998
SA00091,2024-11-14,2024-11-01 00:00:00,Caribbean,Ocean,886504.3100000002,855892.48,30611.83000000019,19051.96,11559.869999999999
SA00092,2024-12-01,2024-12-01 00:00:00,Mediterranean,Ocean,2024746.56,2005529.9399999995,19216.620000000577,13451.630000000001,5764.99
SA00093,2024-12-20,2024-12-01 00:00:00,Asia Pacific,Ocean,1665258.91,1648998.6300000001,16260.279999999795,8261.55,7998.73
SA00094,2025-01-02,2025-01-01 00:00:00,Caribbean,Ocean,656445.5299999998,653195.5200000001,3250.00999999966,2275.01,975.0
SA00095,2025-01-18,2025-01-01 00:00:00,Alaska,Ocean,1183364.5999999992,1167737.2599999993,15627.339999999851,8396.05,7231.289999999999
SA00096,2025-01-31,2025-01-01 00:00:00,Caribbean,Ocean,1032445.9599999996,1012119.0399999999,20326.919999999693,12775.650000000001,7551.2699999999995
SA00097,2025-02-11,2025-02-01 00:00:00,European Rivers,Ocean,636858.0899999999,622053.0899999999,14805.0,8080.47,6724.53
SA00098,2025-02-26,2025-02-01 00:00:00,Alaska,Ocean,872620.2300000002,862979.8200000001,9640.410000000149,4589.61,5050.8
SA00099,2025-03-12,2025-03-01 00:00:00,Caribbean,Ocean,734754.9200000003,721240.1899999998,13514.730000000447,7642.76,5871.97
SA00100,2025-03-27,2025-03-01 00:00:00,European Rivers,Ocean,797970.0500000005,791909.0300000001,6061.020000000368,3100.76,2960.26
SA00101,2025-04-12,2025-04-01 00:00:00,Alaska,Ocean,1150409.9600000002,1116058.62,34351.340000000084,19118.35,15232.989999999998
SA00102,2025-04-27,2025-04-01 00:00:00,Caribbean,Ocean,1012869.0399999998,1000659.71,12209.329999999842,5570.1,6639.23
SA00103,2025-05-16,2025-05-01 00:00:00,Mediterranean,Ocean,1506363.01,1466355.1200000003,40007.889999999665,24147.739999999998,15860.15
SA00104,2025-05-26,2025-05-01 00:00:00,Mediterranean,Ocean,979709.5600000003,967862.4499999997,11847.110000000568,6033.19,5813.92
SA00105,2025-06-05,2025-06-01 00:00:00,Mediterranean,Ocean,941676.0000000006,927823.77,13852.230000000563,6839.1900000000005,7013.039999999999
SA00106,2025-06-22,2025-06-01 00:00:00,Mediterranean,Ocean,1700909.9900000005,1647041.71,53868.28000000049,30360.920000000002,23507.359999999997
SA00107,2025-07-11,2025-07-01 00:00:00,Mediterranean,Ocean,1807864.650000001,1765613.6999999993,42250.950000001816,21923.049999999996,20327.899999999998
SA00108,2025-07-22,2025-07-01 00:00:00,Caribbean,Ocean,678811.7299999999,675538.91,3272.8199999998324,1810.28,1462.54
SA00109,2025-08-05,2025-08-01 00:00:00,Mediterranean,Ocean,865338.3399999999,851980.96,13357.379999999888,7438.679999999999,5918.700000000001
SA00110,2025-08-22,2025-08-01 00:00:00,Caribbean,Ocean,929370.0999999993,904816.3099999996,24553.789999999688,15137.22,9416.57
SA00111,2025-09-05,2025-09-01 00:00:00,Caribbean,Ocean,1191925.539999999,1161599.4800000002,30326.05999999889,15761.560000000001,14564.5
SA00112,2025-09-24,2025-09-01 00:00:00,Asia Pacific,Ocean,1619753.8600000003,1587363.73,32390.130000000354,17439.2,14950.93
SA00113,2025-10-10,2025-10-01 00:00:00,Caribbean,Ocean,1090615.5800000005,1074554.1800000002,16061.400000000373,9079.34,6982.06
SA00114,2025-10-29,2025-10-01 00:00:00,Asia Pacific,Ocean,1316942.21,1312506.1300000004,4436.079999999609,1774.4299999999998,2661.65
SA00115,2025-11-11,2025-11-01 00:00:00,Mediterranean,Ocean,916889.9300000004,911441.26,5448.670000000391,3134.3199999999997,2314.35
SA00116,2025-11-21,2025-11-01 00:00:00,Caribbean,Ocean,712756.99,700114.1300000001,12642.85999999987,8850.01,3792.85
SA00117,2025-12-08,2025-12-01 00:00:00,Mediterranean,Ocean,1598670.63,1576616.1600000004,22054.469999999506,9933.96,12120.51
SA00118,2025-12-20,2025-12-01 00:00:00,European Rivers,Ocean,772741.1399999997,766596.56,6144.579999999609,3387.6400000000003,2756.94
SA00119,2026-01-06,2026-01-01 00:00:00,Caribbean,Ocean,837164.6499999999,829534.8000000003,7629.8499999996275,4485.469999999999,3144.38
SA00120,2026-01-22,2026-01-01 00:00:00,Caribbean,Ocean,923985.2300000002,915972.11,8013.120000000228,4729.2,3283.92
SA00121,2026-02-01,2026-02-01 00:00:00,Mediterranean,Ocean,943367.5599999998,935150.5400000004,8217.019999999437,5181.990000000001,3035.0299999999997
SA00122,2026-02-12,2026-02-01 00:00:00,Caribbean,Ocean,686505.0800000001,678868.03,7637.050000000047,3433.74,4203.31
SA00123,2026-03-02,2026-03-01 00:00:00,Northern Europe,Ocean,1004583.5899999994,980605.28,23978.309999999357,14092.36,9885.95
SA00124,2026-03-21,2026-03-01 00:00:00,Asia Pacific,Ocean,1583074.2800000003,1547404.4800000002,35669.80000000005,17589.84,18079.960000000003
SA00125,2026-04-06,2026-04-01 00:00:00,Mediterranean,Ocean,1645524.21,1631330.76,14193.449999999953,5677.38,8516.07
SA00126,2026-04-20,2026-04-01 00:00:00,Northern Europe,Ocean,850348.2099999997,839385.3600000001,10962.849999999627,5679.51,5283.34
SA00127,2026-05-07,2026-05-01 00:00:00,Caribbean,Ocean,800082.7699999997,786038.38,14044.389999999665,7968.52,6075.870000000001
SA00128,2026-05-28,2026-05-01 00:00:00,Asia Pacific,Ocean,1533516.5599999994,1504205.6,29310.959999999264,19046.89,10264.07
SA00143,2024-01-22,2024-01-01 00:00:00,Mediterranean,Ocean,1057650.2199999997,1051423.3199999998,6226.899999999907,2828.9700000000003,3397.9300000000003
SA00144,2024-02-06,2024-02-01 00:00:00,Alaska,Ocean,1236398.96,1215025.4200000004,21373.53999999957,11793.97,9579.57
SA00145,2024-02-23,2024-02-01 00:00:00,Asia Pacific,Ocean,1746380.96,1732099.96,14281.0,5712.41,8568.59
SA00146,2024-03-08,2024-03-01 00:00:00,Northern Europe,Ocean,1057756.2799999998,1029137.6600000001,28618.619999999646,16327.420000000004,12291.2
SA00147,2024-03-23,2024-03-01 00:00:00,Alaska,Ocean,1069296.83,1044511.8700000002,24784.959999999846,12380.39,12404.570000000002
SA00148,2024-04-04,2024-04-01 00:00:00,Caribbean,Ocean,755035.7499999998,746252.1699999999,8783.579999999842,4097.98,4685.6
SA00149,2024-04-23,2024-04-01 00:00:00,Asia Pacific,Ocean,1872206.8800000004,1837370.200000001,34836.67999999947,17797.61,17039.07
SA00150,2024-05-07,2024-05-01 00:00:00,Northern Europe,Ocean,1356451.6800000004,1350460.5299999998,5991.150000000605,4193.81,1797.3400000000001
SA00151,2024-05-25,2024-05-01 00:00:00,Asia Pacific,Ocean,1908435.2300000002,1893707.9500000002,14727.280000000028,7070.26,7657.0199999999995
SA00152,2024-06-12,2024-06-01 00:00:00,Asia Pacific,Ocean,1919551.7400000007,1902439.7900000007,17111.949999999953,9509.849999999999,7602.1
SA00153,2024-06-26,2024-06-01 00:00:00,Caribbean,Ocean,1101917.2099999995,1089887.4200000004,12029.789999999106,6733.82,5295.97
SA00154,2024-07-12,2024-07-01 00:00:00,Alaska,Ocean,1273056.7600000002,1257218.560000001,15838.199999999255,10221.76,5616.4400000000005
SA00155,2024-07-27,2024-07-01 00:00:00,Alaska,Ocean,1081332.5699999994,1059362.24,21970.329999999376,9961.560000000001,12008.77
SA00156,2024-08-12,2024-08-01 00:00:00,Alaska,Ocean,1341657.5700000003,1317554.6599999995,24102.910000000848,12199.289999999999,11903.619999999997
SA00157,2024-08-25,2024-08-01 00:00:00,Caribbean,Ocean,989012.5399999998,964265.0799999997,24747.46000000008,12977.190000000002,11770.27
SA00158,2024-09-11,2024-09-01 00:00:00,Northern Europe,Ocean,1141666.71,1138903.2400000005,2763.4699999995064,1105.39,1658.08
SA00159,2024-09-25,2024-09-01 00:00:00,European Rivers,Ocean,876301.0999999997,863111.58,13189.519999999786,6283.0,6906.5199999999995
SA00160,2024-10-09,2024-10-01 00:00:00,Caribbean,Ocean,770671.8100000002,762219.4699999996,8452.34000000055,5423.23,3029.11
SA00161,2024-10-24,2024-10-01 00:00:00,Northern Europe,Ocean,981975.4299999996,975765.0199999998,6210.4099999998,2484.17,3726.24
SA00162,2024-11-11,2024-11-01 00:00:00,Asia Pacific,Ocean,2010299.2199999993,1982533.2700000005,27765.94999999879,12259.1,15506.85
SA00163,2024-11-24,2024-11-01 00:00:00,Caribbean,Ocean,643220.5599999999,633802.0100000004,9418.54999999958,4802.079999999999,4616.47
SA00164,2024-12-12,2024-12-01 00:00:00,Mediterranean,Ocean,2157546.0900000003,2132934.2999999993,24611.79000000097,14425.02,10186.769999999999
SA00165,2024-12-30,2024-12-01 00:00:00,Mediterranean,Ocean,2041121.9099999992,2030402.7399999995,10719.169999999693,5354.47,5364.7
SA00166,2025-01-09,2025-01-01 00:00:00,Mediterranean,Ocean,1046090.21,1037598.4199999999,8491.790000000037,4894.320000000001,3597.4700000000003
SA00167,2025-01-22,2025-01-01 00:00:00,Mediterranean,Ocean,1195628.4700000004,1189652.0599999996,5976.4100000008475,2991.6099999999997,2984.8
SA00168,2025-02-05,2025-02-01 00:00:00,Northern Europe,Ocean,901584.24,892487.7699999999,9096.470000000088,4472.8,4623.67
SA00169,2025-02-16,2025-02-01 00:00:00,European Rivers,Ocean,740428.71,730367.7399999999,10060.970000000088,5972.780000000001,4088.1899999999996
SA00170,2025-02-27,2025-02-01 00:00:00,European Rivers,Ocean,797788.4299999998,773955.4099999999,23833.019999999902,15420.439999999999,8412.58
SA00171,2025-03-18,2025-03-01 00:00:00,Mediterranean,Ocean,1925212.86,1883681.5600000005,41531.29999999958,24467.02,17064.280000000002
SA00172,2025-04-05,2025-04-01 00:00:00,Asia Pacific,Ocean,1971644.7999999998,1933602.710000001,38042.08999999892,19488.24,18553.85
SA00173,2025-04-22,2025-04-01 00:00:00,Northern Europe,Ocean,965609.76,956345.7300000001,9264.029999999912,5516.74,3747.29
SA00174,2025-05-07,2025-05-01 00:00:00,European Rivers,Ocean,857018.6000000001,841116.82,15901.780000000144,7619.849999999999,8281.929999999998
SA00175,2025-05-23,2025-05-01 00:00:00,Alaska,Ocean,1196601.4500000007,1179776.88,16824.570000000764,8285.689999999999,8538.88
SA00176,2025-06-12,2025-06-01 00:00:00,Asia Pacific,Ocean,1775854.2899999998,1767189.5,8664.789999999804,3465.92,5198.87
SA00177,2025-07-03,2025-07-01 00:00:00,Asia Pacific,Ocean,1727847.5099999995,1718966.29,8881.219999999506,4814.09,4067.13
SA00178,2025-07-21,2025-07-01 00:00:00,Mediterranean,Ocean,2030416.5600000003,1999876.3,30540.260000000242,16968.12,13572.140000000001
SA00179,2025-08-06,2025-08-01 00:00:00,Northern Europe,Ocean,981404.66,958154.47,23250.19000000006,12981.25,10268.94
SA00180,2025-08-21,2025-08-01 00:00:00,Mediterranean,Ocean,2160310.9300000006,2124950.280000001,35360.64999999944,17825.44,17535.21
SA00181,2025-09-04,2025-09-01 00:00:00,European Rivers,Ocean,921017.8200000003,902981.2399999996,18036.580000000657,12047.22,5989.360000000001
SA00182,2025-09-17,2025-09-01 00:00:00,European Rivers,Ocean,817388.63,808138.86,9249.770000000019,4876.93,4372.84
SA00183,2025-10-01,2025-10-01 00:00:00,Alaska,Ocean,1181123.9800000004,1167294.3599999999,13829.620000000577,7775.41,6054.21
SA00184,2025-10-18,2025-10-01 00:00:00,Northern Europe,Ocean,800547.6400000001,778334.2200000001,22213.420000000042,12533.509999999998,9679.910000000002
SA00185,2025-10-29,2025-10-01 00:00:00,Caribbean,Ocean,824469.1,810058.0500000002,14411.049999999814,8550.05,5861.0
SA00186,2025-11-11,2025-11-01 00:00:00,Caribbean,Ocean,1163121.2,1136374.3800000001,26746.819999999832,11408.709999999997,15338.109999999999
SA00187,2025-11-24,2025-11-01 00:00:00,Caribbean,Ocean,907454.8899999995,897435.5999999999,10019.289999999688,6043.8,3975.4900000000002
SA00188,2025-12-10,2025-12-01 00:00:00,Alaska,Ocean,1282618.5700000003,1261717.96,20900.610000000335,13776.02,7124.589999999999
SA00189,2025-12-22,2025-12-01 00:00:00,Caribbean,Ocean,675083.4099999999,660265.85,14817.55999999994,7759.04,7058.52
SA00190,2026-01-09,2026-01-01 00:00:00,Asia Pacific,Ocean,1811422.259999999,1788613.9100000001,22808.34999999893,11567.19,11241.16
SA00191,2026-01-22,2026-01-01 00:00:00,European Rivers,Ocean,963886.6799999995,950931.43,12955.249999999418,6557.070000000001,6398.18
SA00192,2026-02-02,2026-02-01 00:00:00,Caribbean,Ocean,759510.0899999997,742012.1299999998,17497.959999999963,9459.88,8038.08
SA00193,2026-02-20,2026-02-01 00:00:00,Northern Europe,Ocean,852778.1300000001,840872.15,11905.980000000098,7358.87,4547.110000000001
SA00194,2026-03-06,2026-03-01 00:00:00,Northern Europe,Ocean,929694.7199999997,908177.2700000003,21517.449999999488,13374.36,8143.09
SA00195,2026-03-19,2026-03-01 00:00:00,Mediterranean,Ocean,1068228.88,1062014.51,6214.369999999879,3086.16,3128.21
SA00196,2026-04-02,2026-04-01 00:00:00,Northern Europe,Ocean,869557.5999999999,858413.2800000001,11144.319999999716,6130.26,5014.06
SA00197,2026-04-17,2026-04-01 00:00:00,Mediterranean,Ocean,1828309.8400000012,1787239.8100000003,41070.03000000096,22963.959999999995,18106.070000000003
SA00198,2026-05-02,2026-05-01 00:00:00,Caribbean,Ocean,1118537.76,1107509.02,11028.73999999999,6562.18,4466.56
SA00199,2026-05-14,2026-05-01 00:00:00,European Rivers,Ocean,789343.3399999997,787205.2799999998,2138.0599999999395,855.22,1282.8400000000001
SA00200,2026-05-30,2026-05-01 00:00:00,Alaska,Ocean,1113628.9799999997,1092038.67,21590.309999999823,13426.95,8163.359999999999
SA00201,2026-06-14,2026-06-01 00:00:00,Caribbean,Ocean,1158193.2299999995,1132044.9499999997,26148.279999999795,13889.109999999999,12259.17
SA00216,2024-01-14,2024-01-01 00:00:00,Mediterranean,Yacht,741494.2899999998,726010.21,15484.079999999842,7701.32,7782.759999999999
SA00217,2024-01-24,2024-01-01 00:00:00,Caribbean,Yacht,454370.85999999987,450284.6800000001,4086.17999999976,2251.02,1835.1599999999999
SA00218,2024-02-11,2024-02-01 00:00:00,Mediterranean,Yacht,1376964.9700000002,1371548.1599999997,5416.8100000005215,2166.73,3250.08
SA00219,2024-02-22,2024-02-01 00:00:00,Caribbean,Yacht,578276.7800000001,568166.76,10110.020000000135,4044.01,6066.009999999999
SA00220,2024-03-06,2024-03-01 00:00:00,Caribbean,Yacht,420433.1799999998,416065.05,4368.12999999983,1747.25,2620.88
SA00221,2024-03-23,2024-03-01 00:00:00,Mediterranean,Yacht,1465062.3199999996,1445965.2799999998,19097.039999999804,10471.84,8625.2
SA00222,2024-04-05,2024-04-01 00:00:00,Mediterranean,Yacht,783282.98,775211.9700000001,8071.009999999893,4936.94,3134.07
SA00223,2024-04-22,2024-04-01 00:00:00,Caribbean,Yacht,1013907.1000000001,995682.6300000001,18224.469999999972,11882.62,6341.85
SA00224,2024-05-08,2024-05-01 00:00:00,Caribbean,Yacht,828241.5399999998,828241.5399999999,0.0,0.0,0.0
SA00225,2024-05-19,2024-05-01 00:00:00,Mediterranean,Yacht,777911.5699999998,759250.54,18661.029999999795,11868.43,6792.6
SA00226,2024-06-01,2024-06-01 00:00:00,Caribbean,Yacht,496508.24,486713.66000000003,9794.579999999958,6856.21,2938.3700000000003
SA00227,2024-06-16,2024-06-01 00:00:00,Mediterranean,Yacht,1354460.8199999994,1333299.75,21161.069999999367,10656.62,10504.45
SA00228,2024-06-30,2024-06-01 00:00:00,Caribbean,Yacht,759621.3199999997,748254.8200000001,11366.49999999965,7956.539999999999,3409.96
SA00229,2024-07-14,2024-07-01 00:00:00,Caribbean,Yacht,779614.4600000001,776135.8900000001,3478.569999999949,1391.43,2087.14
SA00230,2024-07-28,2024-07-01 00:00:00,Mediterranean,Yacht,697953.4199999998,683840.6200000001,14112.799999999697,8759.75,5353.049999999999
SA00231,2024-08-13,2024-08-01 00:00:00,Caribbean,Yacht,733098.37,715415.1,17683.27000000002,7962.89,9720.38
SA00232,2024-08-26,2024-08-01 00:00:00,Mediterranean,Yacht,807047.2699999999,804578.4100000001,2468.859999999753,1728.2,740.66
SA00233,2024-09-09,2024-09-01 00:00:00,Mediterranean,Yacht,576994.0,567228.3199999998,9765.680000000168,5421.35,4344.33
SA00234,2024-09-20,2024-09-01 00:00:00,Caribbean,Yacht,410435.90999999986,406096.79000000004,4339.119999999821,2313.0,2026.12
SA00235,2024-10-04,2024-10-01 00:00:00,Caribbean,Yacht,831980.0900000001,814722.1099999999,17257.980000000214,11029.599999999999,6228.38
SA00236,2024-10-16,2024-10-01 00:00:00,Caribbean,Yacht,426503.68000000005,417354.81000000006,9148.869999999995,5045.5,4103.37
SA00237,2024-11-02,2024-11-01 00:00:00,Mediterranean,Yacht,1390982.2100000002,1378541.9399999997,12440.270000000484,4976.110000000001,7464.16
SA00238,2024-11-16,2024-11-01 00:00:00,Caribbean,Yacht,708551.0699999997,705488.4900000001,3062.579999999609,2143.81,918.77
SA00239,2024-11-29,2024-11-01 00:00:00,Mediterranean,Yacht,792258.6700000004,779202.28,13056.390000000363,8454.93,4601.46
SA00240,2024-12-10,2024-12-01 00:00:00,Caribbean,Yacht,403517.83,402333.49,1184.3400000000256,473.74,710.6
SA00241,2024-12-21,2024-12-01 00:00:00,Caribbean,Yacht,538948.43,535990.0100000001,2958.4199999999255,2070.89,887.53
SA00242,2025-01-06,2025-01-01 00:00:00,Caribbean,Yacht,905332.6599999999,882853.99,22478.669999999925,12449.419999999998,10029.25
SA00243,2025-01-20,2025-01-01 00:00:00,Mediterranean,Yacht,799139.88,797808.2999999999,1331.5800000000745,532.63,798.95
SA00244,2025-02-08,2025-02-01 00:00:00,Mediterranean,Yacht,1283173.79,1271428.42,11745.370000000112,8221.75,3523.62
SA00245,2025-02-25,2025-02-01 00:00:00,Caribbean,Yacht,591529.13,588154.35,3374.780000000028,2362.35,1012.43
SA00246,2025-03-12,2025-03-01 00:00:00,Caribbean,Yacht,758705.2299999999,752303.2899999999,6401.939999999944,2560.77,3841.17
SA00247,2025-03-29,2025-03-01 00:00:00,Mediterranean,Yacht,1393743.509999999,1367046.52,26696.98999999906,13526.38,13170.609999999999
SA00248,2025-04-12,2025-04-01 00:00:00,Caribbean,Yacht,536755.7300000001,527690.9600000001,9064.770000000019,4966.04,4098.73
SA00249,2025-04-26,2025-04-01 00:00:00,Caribbean,Yacht,499192.44,499192.44,0.0,0.0,0.0
SA00250,2025-05-07,2025-05-01 00:00:00,Caribbean,Yacht,453087.5299999999,446790.25,6297.2799999999115,3131.25,3166.0299999999997
SA00251,2025-05-18,2025-05-01 00:00:00,Caribbean,Yacht,476002.66000000003,469980.02,6022.640000000014,2409.05,3613.59
SA00252,2025-05-31,2025-05-01 00:00:00,Caribbean,Yacht,790100.4600000002,783439.4499999998,6661.010000000359,4662.709999999999,1998.3000000000002
SA00253,2025-06-12,2025-06-01 00:00:00,Caribbean,Yacht,473860.96999999986,464330.89999999997,9530.06999999989,5465.009999999999,4065.0600000000004
SA00254,2025-06-22,2025-06-01 00:00:00,Mediterranean,Yacht,861780.14,851803.7400000001,9976.399999999907,4400.12,5576.28
SA00255,2025-07-06,2025-07-01 00:00:00,Mediterranean,Yacht,805592.0000000003,793674.3499999999,11917.650000000489,5593.66,6323.99
SA00256,2025-07-19,2025-07-01 00:00:00,Caribbean,Yacht,636007.2399999999,630730.2200000001,5277.019999999786,3103.8100000000004,2173.21
SA00257,2025-08-05,2025-08-01 00:00:00,Mediterranean,Yacht,1519166.48,1498887.24,20279.23999999999,9419.98,10859.259999999998
SA00258,2025-08-20,2025-08-01 00:00:00,Mediterranean,Yacht,1305973.32,1251111.45,54861.87000000011,31516.699999999997,23345.17
SA00259,2025-09-06,2025-09-01 00:00:00,Caribbean,Yacht,974562.43,971738.76,2823.670000000042,1129.47,1694.2
SA00260,2025-09-16,2025-09-01 00:00:00,Caribbean,Yacht,501589.0799999997,499638.8400000001,1950.2399999996414,1365.17,585.07
SA00261,2025-09-29,2025-09-01 00:00:00,Caribbean,Yacht,580908.1900000001,572261.0,8647.19000000006,4537.45,4109.74
SA00262,2025-10-14,2025-10-01 00:00:00,Mediterranean,Yacht,1125852.6000000003,1096681.59,29171.010000000242,17250.579999999998,11920.430000000002
SA00263,2025-10-29,2025-10-01 00:00:00,Caribbean,Yacht,946921.0100000002,916887.4499999998,30033.560000000405,17845.75,12187.81
SA00264,2025-11-10,2025-11-01 00:00:00,Caribbean,Yacht,502266.52,497950.8599999999,4315.660000000091,2315.9700000000003,1999.69
SA00265,2025-11-20,2025-11-01 00:00:00,Mediterranean,Yacht,855501.0700000002,850237.4400000001,5263.630000000121,2818.22,2445.41
SA00266,2025-12-02,2025-12-01 00:00:00,Mediterranean,Yacht,687952.9899999999,679445.2700000001,8507.71999999974,4527.469999999999,3980.25
SA00267,2025-12-18,2025-12-01 00:00:00,Mediterranean,Yacht,1509658.4999999998,1499157.2399999998,10501.26000000001,4200.5,6300.76
SA00268,2026-01-06,2026-01-01 00:00:00,Mediterranean,Yacht,1214424.5300000003,1182116.7899999998,32307.740000000456,21026.940000000002,11280.8
SA00269,2026-01-20,2026-01-01 00:00:00,Mediterranean,Yacht,525441.88,510668.15,14773.729999999981,10341.61,4432.12
SA00270,2026-01-30,2026-01-01 00:00:00,Mediterranean,Yacht,772480.8300000003,761215.25,11265.580000000307,6334.51,4931.07
SA00271,2026-02-17,2026-02-01 00:00:00,Mediterranean,Yacht,1131381.5600000003,1063474.9700000002,67906.59000000008,39216.35,28690.24
SA00272,2026-03-08,2026-03-01 00:00:00,Mediterranean,Yacht,1421240.62,1397556.58,23684.040000000037,13918.45,9765.59
SA00273,2026-03-25,2026-03-01 00:00:00,Caribbean,Yacht,711570.7099999998,687319.02,24251.689999999828,12569.189999999999,11682.5
SA00274,2026-04-06,2026-04-01 00:00:00,Mediterranean,Yacht,836556.4899999995,830975.6100000003,5580.87999999919,3064.8,2516.08
SA00275,2026-04-22,2026-04-01 00:00:00,Mediterranean,Yacht,1390397.8199999998,1377615.1299999997,12782.690000000177,5113.08,7669.61
SA00276,2026-05-11,2026-05-01 00:00:00,Mediterranean,Yacht,1066253.17,1061803.9500000002,4449.219999999739,3114.46,1334.76
SA00277,2026-05-26,2026-05-01 00:00:00,Caribbean,Yacht,795012.3100000005,779244.9700000003,15767.3400000002,9582.220000000001,6185.12
SA00278,2026-06-07,2026-06-01 00:00:00,Caribbean,Yacht,414457.5,393220.62999999995,21236.870000000054,12050.17,9186.7
SA00293,2024-01-16,2024-01-01 00:00:00,European Rivers,River,448823.4800000001,444651.41000000003,4172.070000000065,1668.82,2503.25
SA00294,2024-01-31,2024-01-01 00:00:00,Northern Europe,River,873394.89,864554.5999999999,8840.290000000154,5339.0,3501.29
SA00295,2024-02-14,2024-02-01 00:00:00,European Rivers,River,512880.64,508950.76,3929.8800000000047,2152.5,1777.3799999999999
SA00296,2024-03-02,2024-03-01 00:00:00,Northern Europe,River,535764.9700000002,532948.45,2816.5200000002515,1126.61,1689.91
SA00297,2024-03-16,2024-03-01 00:00:00,European Rivers,River,600234.0300000003,595923.1000000001,4310.930000000168,2300.44,2010.4900000000002
SA00298,2024-03-28,2024-03-01 00:00:00,European Rivers,River,455179.9700000001,448523.94000000006,6656.030000000028,3219.73,3436.2999999999997
SA00299,2024-04-11,2024-04-01 00:00:00,Northern Europe,River,460824.6100000001,454212.69000000006,6611.920000000042,4628.34,1983.58
SA00300,2024-04-24,2024-04-01 00:00:00,European Rivers,River,448638.48000000004,442236.06000000006,6402.419999999984,2560.96,3841.4599999999996
SA00301,2024-05-08,2024-05-01 00:00:00,Northern Europe,River,674059.5499999999,666486.7400000001,7572.809999999823,3906.77,3666.04
SA00302,2024-05-26,2024-05-01 00:00:00,Northern Europe,River,540159.7000000001,531929.2299999997,8230.470000000321,4126.139999999999,4104.33
SA00303,2024-06-10,2024-06-01 00:00:00,Northern Europe,River,493484.13000000006,490565.01999999996,2919.1100000001024,2043.38,875.73
SA00304,2024-06-24,2024-06-01 00:00:00,Northern Europe,River,718259.0400000003,706866.4399999997,11392.600000000559,5925.829999999999,5466.7699999999995
SA00305,2024-07-11,2024-07-01 00:00:00,Northern Europe,River,453363.67000000004,443727.19999999995,9636.470000000088,5892.52,3743.95
SA00306,2024-07-23,2024-07-01 00:00:00,European Rivers,River,564929.7400000002,558351.6100000001,6578.130000000121,3897.33,2680.8
SA00307,2024-08-10,2024-08-01 00:00:00,Northern Europe,River,697179.66,686969.9400000001,10209.719999999972,5084.259999999999,5125.46
SA00308,2024-08-21,2024-08-01 00:00:00,European Rivers,River,431594.36000000004,422994.41000000003,8599.950000000012,4750.49,3849.4599999999996
SA00309,2024-09-04,2024-09-01 00:00:00,Northern Europe,River,525141.1900000001,508224.86999999976,16916.320000000298,7602.27,9314.05
SA00310,2024-09-20,2024-09-01 00:00:00,Northern Europe,River,591874.29,577279.07,14595.220000000088,8529.45,6065.77
SA00311,2024-10-01,2024-10-01 00:00:00,European Rivers,River,521702.87,511445.55999999994,10257.310000000056,5757.8,4499.51
SA00312,2024-10-15,2024-10-01 00:00:00,European Rivers,River,554299.79,545308.84,8990.95000000007,5684.94,3306.01
SA00313,2024-11-02,2024-11-01 00:00:00,Northern Europe,River,876907.4300000002,850477.6899999996,26429.740000000573,16664.84,9764.9
SA00314,2024-11-20,2024-11-01 00:00:00,Northern Europe,River,586039.19,580285.3499999999,5753.840000000084,3165.9700000000003,2587.87
SA00315,2024-12-04,2024-12-01 00:00:00,European Rivers,River,465264.13999999996,462301.43999999994,2962.7000000000116,1788.9,1173.8000000000002
SA00316,2024-12-15,2024-12-01 00:00:00,European Rivers,River,570141.6000000002,563947.19,6194.410000000265,3062.99,3131.42
SA00317,2024-12-30,2024-12-01 00:00:00,Northern Europe,River,757706.5399999997,740007.8699999999,17698.66999999981,8919.98,8778.69
SA00318,2025-01-16,2025-01-01 00:00:00,Northern Europe,River,437038.3200000001,429270.68,7767.64000000013,4472.66,3294.9799999999996
SA00319,2025-01-30,2025-01-01 00:00:00,European Rivers,River,586019.0600000002,578259.4199999999,7759.640000000247,3685.2700000000004,4074.37
SA00320,2025-02-14,2025-02-01 00:00:00,European Rivers,River,461011.3500000001,448438.13999999984,12573.210000000254,8198.83,4374.379999999999
SA00321,2025-03-03,2025-03-01 00:00:00,Northern Europe,River,756248.5,746938.5099999999,9309.990000000107,5521.46,3788.5299999999997
SA00322,2025-03-14,2025-03-01 00:00:00,European Rivers,River,525326.13,515773.2100000001,9552.919999999925,4402.050000000001,5150.87
SA00323,2025-03-28,2025-03-01 00:00:00,Northern Europe,River,626138.7099999998,619677.55,6461.1599999998,3574.83,2886.33
SA00324,2025-04-15,2025-04-01 00:00:00,Northern Europe,River,650616.2500000002,641293.22,9323.03000000026,5556.72,3766.31
SA00325,2025-04-29,2025-04-01 00:00:00,European Rivers,River,368751.3999999999,362074.14999999997,6677.249999999942,4070.22,2607.0299999999997
SA00326,2025-05-16,2025-05-01 00:00:00,Northern Europe,River,412618.06000000006,401396.53,11221.530000000028,7855.070000000001,3366.46
SA00327,2025-05-31,2025-05-01 00:00:00,European Rivers,River,561464.6399999999,558050.3999999999,3414.2399999999907,1643.41,1770.83
SA00328,2025-06-15,2025-06-01 00:00:00,European Rivers,River,537271.1300000002,533363.82,3907.3100000002887,2157.04,1750.27
SA00329,2025-06-26,2025-06-01 00:00:00,European Rivers,River,391070.28,388812.76,2257.5200000000186,903.01,1354.51
SA00330,2025-07-11,2025-07-01 00:00:00,Northern Europe,River,476968.57,458330.98000000004,18637.589999999967,8331.550000000001,10306.04
SA00331,2025-07-24,2025-07-01 00:00:00,European Rivers,River,605487.7,602359.53,3128.1699999999255,1610.87,1517.3000000000002
SA00332,2025-08-09,2025-08-01 00:00:00,Northern Europe,River,701243.5400000002,699574.9799999999,1668.5600000002887,1167.99,500.57
SA00333,2025-08-22,2025-08-01 00:00:00,European Rivers,River,465243.17,456511.19000000006,8731.979999999923,4728.44,4003.54
SA00334,2025-09-02,2025-09-01 00:00:00,European Rivers,River,508800.32,505629.6300000002,3170.6899999998277,1268.28,1902.4099999999999
SA00335,2025-09-18,2025-09-01 00:00:00,Northern Europe,River,533512.07,517825.76,15686.30999999994,9945.009999999998,5741.3
SA00336,2025-10-03,2025-10-01 00:00:00,Northern Europe,River,583898.6699999999,575149.7000000002,8748.96999999974,3499.58,5249.39
SA00337,2025-10-21,2025-10-01 00:00:00,Northern Europe,River,656079.9899999998,648250.8099999999,7829.179999999818,5062.07,2767.11
SA00338,2025-11-02,2025-11-01 00:00:00,European Rivers,River,613244.8099999999,606841.0799999998,6403.730000000098,4186.23,2217.5
SA00339,2025-11-16,2025-11-01 00:00:00,Northern Europe,River,689749.2300000001,680178.2399999999,9570.990000000224,4841.22,4729.77
SA00340,2025-11-30,2025-11-01 00:00:00,Northern Europe,River,583099.89,579911.48,3188.4100000000326,1275.36,1913.05
SA00341,2025-12-17,2025-12-01 00:00:00,Northern Europe,River,722267.98,710099.5399999999,12168.44000000006,7697.27,4471.17
SA00342,2026-01-01,2026-01-01 00:00:00,Northern Europe,River,505513.41,490009.20999999985,15504.200000000128,9982.670000000002,5521.53
SA00343,2026-01-13,2026-01-01 00:00:00,European Rivers,River,506400.78,504371.92999999993,2028.8500000000931,1420.2,608.65
SA00344,2026-01-27,2026-01-01 00:00:00,Northern Europe,River,752238.7600000001,748977.2899999998,3261.4700000003213,1304.59,1956.88
SA00345,2026-02-13,2026-02-01 00:00:00,Northern Europe,River,590233.3600000003,587355.42,2877.9400000002934,1151.18,1726.76
SA00346,2026-02-24,2026-02-01 00:00:00,European Rivers,River,549808.17,544487.84,5320.3300000000745,2734.4,2585.9300000000003
SA00347,2026-03-08,2026-03-01 00:00:00,European Rivers,River,484356.8600000001,482400.83999999997,1956.020000000135,782.41,1173.61
SA00348,2026-03-20,2026-03-01 00:00:00,European Rivers,River,498254.87000000017,494774.75999999995,3480.110000000219,1746.94,1733.17
SA00349,2026-04-07,2026-04-01 00:00:00,Northern Europe,River,697743.7899999997,697743.79,0.0,0.0,0.0
SA00350,2026-04-23,2026-04-01 00:00:00,Northern Europe,River,720136.4999999997,704076.63,16059.869999999646,8762.74,7297.13
SA00351,2026-05-11,2026-05-01 00:00:00,Northern Europe,River,572959.4699999999,552892.56,20066.9099999998,10373.94,9692.970000000001
SA00352,2026-05-29,2026-05-01 00:00:00,Northern Europe,River,446089.84,446089.84,0.0,0.0,0.0
SA00353,2026-06-10,2026-06-01 00:00:00,European Rivers,River,543413.6399999999,533024.5700000001,10389.069999999832,6985.6900000000005,3403.38
SA00368,2024-01-20,2024-01-01 00:00:00,European Rivers,Expedition,657336.46,651258.5700000001,6077.889999999898,3221.8500000000004,2856.04
SA00369,2024-02-02,2024-02-01 00:00:00,Caribbean,Expedition,666871.2200000001,660316.39,6554.8300000000745,3308.79,3246.04
SA00370,2024-02-18,2024-02-01 00:00:00,Alaska,Expedition,1193351.3400000005,1178097.42,15253.920000000624,6933.36,8320.56
SA00371,2024-03-07,2024-03-01 00:00:00,Asia Pacific,Expedition,1751756.6599999995,1719657.4099999997,32099.249999999767,16763.25,15336.0
SA00372,2024-03-19,2024-03-01 00:00:00,European Rivers,Expedition,607576.1599999999,607576.16,0.0,0.0,0.0
SA00373,2024-03-31,2024-03-01 00:00:00,Mediterranean,Expedition,729087.7300000002,705847.76,23239.970000000205,14105.71,9134.26
SA00374,2024-04-11,2024-04-01 00:00:00,Mediterranean,Expedition,833200.5200000003,824601.3899999999,8599.130000000354,5381.3099999999995,3217.8199999999997
SA00375,2024-04-25,2024-04-01 00:00:00,Caribbean,Expedition,519139.35000000003,507423.36,11715.990000000049,5780.7300000000005,5935.259999999999
SA00376,2024-05-08,2024-05-01 00:00:00,Caribbean,Expedition,808042.1699999998,787810.6799999996,20231.490000000224,11627.849999999999,8603.64
SA00377,2024-05-25,2024-05-01 00:00:00,Mediterranean,Expedition,1266140.55,1237455.87,28684.679999999935,13952.309999999998,14732.369999999999
SA00378,2024-06-05,2024-06-01 00:00:00,European Rivers,Expedition,471759.42999999993,460816.1599999999,10943.270000000019,5840.96,5102.31
SA00379,2024-06-19,2024-06-01 00:00:00,Caribbean,Expedition,799449.8700000002,792460.2799999999,6989.590000000317,2795.83,4193.76
SA00380,2024-06-30,2024-06-01 00:00:00,Mediterranean,Expedition,949079.6900000002,939773.6099999999,9306.080000000307,3722.43,5583.65
SA00381,2024-07-16,2024-07-01 00:00:00,Caribbean,Expedition,1100523.71,1092152.44,8371.270000000019,5002.78,3368.49
SA00382,2024-07-29,2024-07-01 00:00:00,European Rivers,Expedition,540950.4700000001,527597.5000000001,13352.969999999972,6769.96,6583.01
SA00383,2024-08-10,2024-08-01 00:00:00,Alaska,Expedition,1167853.9799999995,1151533.71,16320.269999999553,10609.449999999999,5710.820000000001
SA00384,2024-08-25,2024-08-01 00:00:00,Northern Europe,Expedition,852555.3400000001,843640.05,8915.290000000037,5098.8099999999995,3816.48
SA00385,2024-09-08,2024-09-01 00:00:00,Mediterranean,Expedition,910313.7799999999,899379.1700000002,10934.609999999753,5056.26,5878.35
SA00386,2024-09-24,2024-09-01 00:00:00,Caribbean,Expedition,945705.6100000003,928330.8099999996,17374.800000000745,10314.939999999999,7059.86
SA00387,2024-10-08,2024-10-01 00:00:00,Northern Europe,Expedition,948301.8699999995,943276.42,5025.449999999488,3517.81,1507.6399999999999
SA00388,2024-10-20,2024-10-01 00:00:00,Alaska,Expedition,945314.6,932085.5,13229.099999999977,6996.59,6232.51
SA00389,2024-11-06,2024-11-01 00:00:00,Northern Europe,Expedition,725441.82,718910.9700000001,6530.84999999986,2612.33,3918.52
SA00390,2024-11-20,2024-11-01 00:00:00,Alaska,Expedition,1041558.1799999999,1038361.6799999998,3196.5000000001164,2237.55,958.95
SA00391,2024-12-03,2024-12-01 00:00:00,Caribbean,Expedition,1040585.57,1034846.6300000001,5738.939999999828,4017.25,1721.69
SA00392,2024-12-17,2024-12-01 00:00:00,Caribbean,Expedition,1070321.1300000004,1059987.3900000001,10333.740000000224,4133.49,6200.25
SA00393,2025-01-02,2025-01-01 00:00:00,Caribbean,Expedition,948227.0099999995,943483.74,4743.269999999553,1897.31,2845.96
SA00394,2025-01-15,2025-01-01 00:00:00,Alaska,Expedition,1009901.7799999999,995276.1400000001,14625.639999999781,7632.280000000001,6993.360000000001
SA00395,2025-01-30,2025-01-01 00:00:00,Mediterranean,Expedition,1612673.3499999994,1563053.81,49619.53999999934,25093.17,24526.37
SA00396,2025-02-20,2025-02-01 00:00:00,Asia Pacific,Expedition,1641357.8400000005,1617020.3899999997,24337.450000000885,13911.44,10426.01
SA00397,2025-03-02,2025-03-01 00:00:00,Mediterranean,Expedition,912252.6199999999,907304.3100000004,4948.309999999474,3463.8199999999997,1484.49
SA00398,2025-03-14,2025-03-01 00:00:00,Mediterranean,Expedition,852243.2800000003,833905.62,18337.660000000265,12069.35,6268.3099999999995
SA00399,2025-04-01,2025-04-01 00:00:00,Asia Pacific,Expedition,1293836.9900000002,1283386.87,10450.120000000112,7315.09,3135.03
SA00400,2025-04-13,2025-04-01 00:00:00,Mediterranean,Expedition,1005451.66,992940.0900000001,12511.569999999949,7273.24,5238.33
SA00401,2025-04-23,2025-04-01 00:00:00,Caribbean,Expedition,667809.6199999999,654609.6600000001,13199.95999999973,6427.990000000001,6771.969999999999
SA00402,2025-05-07,2025-05-01 00:00:00,Northern Europe,Expedition,1002049.9300000003,997011.4900000002,5038.4400000000605,2592.35,2446.09
SA00403,2025-05-20,2025-05-01 00:00:00,Caribbean,Expedition,854318.3900000001,838114.3,16204.090000000084,8591.47,7612.62
SA00404,2025-06-03,2025-06-01 00:00:00,European Rivers,Expedition,922513.0599999997,917974.9599999997,4538.099999999977,1815.23,2722.87
SA00405,2025-06-14,2025-06-01 00:00:00,Caribbean,Expedition,530736.92,516855.05,13881.870000000054,7666.73,6215.139999999999
SA00406,2025-06-25,2025-06-01 00:00:00,Mediterranean,Expedition,891388.7000000002,862745.9899999996,28642.710000000545,15353.75,13288.96
SA00407,2025-07-14,2025-07-01 00:00:00,Asia Pacific,Expedition,1344089.7400000002,1315883.7,28206.04000000027,15028.869999999999,13177.17
SA00408,2025-07-24,2025-07-01 00:00:00,Caribbean,Expedition,600487.1699999999,593121.13,7366.039999999921,4611.85,2754.19
SA00409,2025-08-09,2025-08-01 00:00:00,Alaska,Expedition,783748.1200000001,778358.28,5389.840000000084,2977.24,2412.6
SA00410,2025-08-26,2025-08-01 00:00:00,Asia Pacific,Expedition,1770356.4100000001,1748299.0699999998,22057.340000000317,13739.000000000002,8318.34
SA00411,2025-09-06,2025-09-01 00:00:00,European Rivers,Expedition,660311.9799999996,650438.3299999998,9873.64999999979,5772.87,4100.78
SA00412,2025-09-24,2025-09-01 00:00:00,Asia Pacific,Expedition,1305398.4,1300724.4499999997,4673.950000000186,3271.77,1402.18
SA00413,2025-10-04,2025-10-01 00:00:00,Mediterranean,Expedition,980746.9899999999,970898.9300000004,9848.059999999474,5598.99,4249.07
SA00414,2025-10-17,2025-10-01 00:00:00,Caribbean,Expedition,693534.6500000001,684754.01,8780.64000000013,4739.51,4041.1299999999997
SA00415,2025-10-27,2025-10-01 00:00:00,Mediterranean,Expedition,800206.0299999998,776916.4300000002,23289.599999999627,11072.51,12217.09
SA00416,2025-11-09,2025-11-01 00:00:00,Caribbean,Expedition,819194.5400000003,811389.0,7805.54000000027,4340.639999999999,3464.9
SA00417,2025-11-23,2025-11-01 00:00:00,Alaska,Expedition,881351.0100000001,864711.85,16639.16000000015,10814.23,5824.93
SA00418,2025-12-12,2025-12-01 00:00:00,Mediterranean,Expedition,1571536.419999999,1537208.2100000002,34328.2099999988,18671.55,15656.66
SA00419,2025-12-26,2025-12-01 00:00:00,Alaska,Expedition,1056785.4200000004,1044733.2899999999,12052.13000000047,6499.75,5552.38
SA00420,2026-01-13,2026-01-01 00:00:00,Mediterranean,Expedition,1641298.5800000003,1619619.6600000001,21678.92000000016,8671.57,13007.35
SA00421,2026-01-30,2026-01-01 00:00:00,Mediterranean,Expedition,1795867.1799999992,1770945.0700000005,24922.109999998705,12589.4,12332.710000000001
SA00422,2026-02-12,2026-02-01 00:00:00,European Rivers,Expedition,860191.91,840444.8500000001,19747.05999999994,11898.919999999998,7848.139999999999
SA00423,2026-02-26,2026-02-01 00:00:00,Alaska,Expedition,906108.8799999999,893947.7299999999,12161.150000000023,6094.7,6066.450000000001
SA00424,2026-03-19,2026-03-01 00:00:00,Asia Pacific,Expedition,1407018.01,1387913.84,19104.169999999925,8818.83,10285.34
SA00425,2026-04-05,2026-04-01 00:00:00,Northern Europe,Expedition,782608.2099999998,767189.8600000002,15418.349999999627,8304.25,7114.1
SA00426,2026-04-17,2026-04-01 00:00:00,Caribbean,Expedition,653667.65,640755.6700000002,12911.979999999865,7587.09,5324.89
SA00427,2026-05-03,2026-05-01 00:00:00,Alaska,Expedition,972797.4900000001,958280.8899999997,14516.600000000442,8354.52,6162.08
SA00428,2026-05-16,2026-05-01 00:00:00,Alaska,Expedition,1027423.89,1006541.54,20882.349999999977,13244.87,7637.4800000000005
SA00429,2026-06-02,2026-06-01 00:00:00,Asia Pacific,Expedition,1540217.07,1535462.3300000003,4754.739999999758,3328.32,1426.42
SA00059,2026-06-24,2026-06-01 00:00:00,Mediterranean,Expedition,1656512.6,0.0,1656512.6,15225.080000000002,16499.1
SA00060,2026-07-06,2026-07-01 00:00:00,Mediterranean,Expedition,895418.98,0.0,895418.98,7073.9,7759.72
SA00061,2026-07-20,2026-07-01 00:00:00,Alaska,Expedition,881879.4699999999,0.0,881879.4699999999,6278.71,6960.63
SA00062,2026-08-03,2026-08-01 00:00:00,Alaska,Expedition,839712.6400000001,0.0,839712.6400000001,6276.96,3851.9
SA00063,2026-08-14,2026-08-01 00:00:00,European Rivers,Expedition,776309.2799999997,0.0,776309.2799999997,4340.290000000001,3893.1099999999997
SA00064,2026-08-31,2026-08-01 00:00:00,Asia Pacific,Expedition,1030876.9500000001,0.0,1030876.9500000001,16819.35,12319.63
SA00065,2026-09-13,2026-09-01 00:00:00,Caribbean,Expedition,544463.1199999996,0.0,544463.1199999996,7654.82,7678.25
SA00066,2026-09-30,2026-09-01 00:00:00,Mediterranean,Expedition,1641661.6000000006,0.0,1641661.6000000006,19713.7,12076.17
SA00067,2026-10-21,2026-10-01 00:00:00,Asia Pacific,Expedition,1680769.8800000001,0.0,1680769.8800000001,8068.6900000000005,3458.02
SA00068,2026-10-31,2026-10-01 00:00:00,Caribbean,Expedition,560095.7299999997,0.0,560095.7299999997,6757.139999999999,4899.94
SA00069,2026-11-18,2026-11-01 00:00:00,Mediterranean,Expedition,1544466.2499999995,0.0,1544466.2499999995,11758.56,13821.41
SA00070,2026-12-03,2026-12-01 00:00:00,European Rivers,Expedition,445035.14000000013,0.0,445035.14000000013,5334.089999999999,5924.1
SA00071,2026-12-20,2026-12-01 00:00:00,Northern Europe,Expedition,687891.1700000002,0.0,687891.1700000002,3713.88,1591.66
SA00129,2026-06-16,2026-06-01 00:00:00,Asia Pacific,Ocean,1795281.4600000004,0.0,1795281.4600000004,14714.66,9741.37
SA00130,2026-06-30,2026-06-01 00:00:00,Northern Europe,Ocean,1072643.8600000003,0.0,1072643.8600000003,5872.23,3672.87
SA00131,2026-07-15,2026-07-01 00:00:00,Mediterranean,Ocean,1842654.7400000007,0.0,1842654.7400000007,14731.21,9402.6
SA00132,2026-08-01,2026-08-01 00:00:00,Caribbean,Ocean,1038384.3499999999,0.0,1038384.3499999999,5594.039999999999,4501.5599999999995
SA00133,2026-08-13,2026-08-01 00:00:00,Mediterranean,Ocean,1030059.9599999997,0.0,1030059.9599999997,5096.15,3852.5899999999997
SA00134,2026-08-28,2026-08-01 00:00:00,Mediterranean,Ocean,1899969.7899999996,0.0,1899969.7899999996,15883.850000000002,9886.6
SA00135,2026-09-12,2026-09-01 00:00:00,European Rivers,Ocean,809253.3399999997,0.0,809253.3399999997,6965.1,6556.41
SA00136,2026-09-26,2026-09-01 00:00:00,European Rivers,Ocean,722597.0499999999,0.0,722597.0499999999,6602.1,5104.5
SA00137,2026-10-10,2026-10-01 00:00:00,Caribbean,Ocean,533725.7599999998,0.0,533725.7599999998,3219.26,2208.66
SA00138,2026-10-27,2026-10-01 00:00:00,Asia Pacific,Ocean,1847853.0999999992,0.0,1847853.0999999992,3194.6499999999996,4791.97
SA00139,2026-11-11,2026-11-01 00:00:00,Alaska,Ocean,1157897.4,0.0,1157897.4,15025.41,7623.74
SA00140,2026-11-26,2026-11-01 00:00:00,Mediterranean,Ocean,1663533.4799999997,0.0,1663533.4799999997,13818.189999999999,7420.24
SA00141,2026-12-11,2026-12-01 00:00:00,Mediterranean,Ocean,1966731.1000000003,0.0,1966731.1000000003,5581.8099999999995,3716.5199999999995
SA00142,2026-12-25,2026-12-01 00:00:00,European Rivers,Ocean,797443.6799999997,0.0,797443.6799999997,9454.48,6425.5
SA00202,2026-06-26,2026-06-01 00:00:00,Mediterranean,Ocean,944239.7400000002,0.0,944239.7400000002,758.1,1137.14
SA00203,2026-07-06,2026-07-01 00:00:00,Mediterranean,Ocean,1034026.55,0.0,1034026.55,12801.850000000002,8178.870000000001
SA00204,2026-07-20,2026-07-01 00:00:00,Caribbean,Ocean,1227706.2399999995,0.0,1227706.2399999995,3828.67,2819.5200000000004
SA00205,2026-08-01,2026-08-01 00:00:00,Mediterranean,Ocean,1006882.4499999998,0.0,1006882.4499999998,7274.31,6957.52
SA00206,2026-08-15,2026-08-01 00:00:00,Mediterranean,Ocean,1041982.0000000002,0.0,1041982.0000000002,4051.8500000000004,4581.6900000000005
SA00207,2026-09-01,2026-09-01 00:00:00,Northern Europe,Ocean,981237.9000000005,0.0,981237.9000000005,10139.76,6949.539999999999
SA00208,2026-09-17,2026-09-01 00:00:00,Alaska,Ocean,1367038.2999999998,0.0,1367038.2999999998,4395.82,3048.08
SA00209,2026-10-03,2026-10-01 00:00:00,Northern Europe,Ocean,1095999.3299999998,0.0,1095999.3299999998,6235.73,5328.72
SA00210,2026-10-13,2026-10-01 00:00:00,Caribbean,Ocean,773220.9700000001,0.0,773220.9700000001,3676.64,3426.53
SA00211,2026-10-31,2026-10-01 00:00:00,Northern Europe,Ocean,779517.31,0.0,779517.31,1988.02,2982.04
SA00212,2026-11-17,2026-11-01 00:00:00,Caribbean,Ocean,1260678.4400000002,0.0,1260678.4400000002,9487.5,10335.59
SA00213,2026-12-04,2026-12-01 00:00:00,Asia Pacific,Ocean,1941608.3399999987,0.0,1941608.3399999987,8553.77,5390.79
SA00214,2026-12-15,2026-12-01 00:00:00,European Rivers,Ocean,815242.6800000002,0.0,815242.6800000002,8318.18,6297.379999999999
SA00215,2026-12-25,2026-12-01 00:00:00,Caribbean,Ocean,748885.5499999999,0.0,748885.5499999999,9392.48,11440.529999999999
SA00279,2026-06-22,2026-06-01 00:00:00,Mediterranean,Yacht,1381666.7799999998,0.0,1381666.7799999998,14064.23,13983.949999999999
SA00280,2026-07-05,2026-07-01 00:00:00,Caribbean,Yacht,599069.2399999996,0.0,599069.2399999996,3240.88,1388.95
SA00281,2026-07-18,2026-07-01 00:00:00,Mediterranean,Yacht,715235.8099999998,0.0,715235.8099999998,1543.67,2315.5
SA00282,2026-08-05,2026-08-01 00:00:00,Mediterranean,Yacht,1315352.9099999997,0.0,1315352.9099999997,15043.74,7569.2300000000005
SA00283,2026-08-22,2026-08-01 00:00:00,Mediterranean,Yacht,1361666.1799999997,0.0,1361666.1799999997,18857.46,21642.55
SA00284,2026-09-05,2026-09-01 00:00:00,Caribbean,Yacht,449015.96,0.0,449015.96,4444.05,1904.6
SA00285,2026-09-19,2026-09-01 00:00:00,Mediterranean,Yacht,731810.5800000002,0.0,731810.5800000002,4460.1,6690.169999999999
SA00286,2026-10-02,2026-10-01 00:00:00,Mediterranean,Yacht,682951.1400000001,0.0,682951.1400000001,3726.2799999999997,3788.6
SA00287,2026-10-13,2026-10-01 00:00:00,Caribbean,Yacht,553779.88,0.0,553779.88,2382.7799999999997,1850.21
SA00288,2026-10-30,2026-10-01 00:00:00,Mediterranean,Yacht,1506116.2100000004,0.0,1506116.2100000004,7247.51,7106.82
SA00289,2026-11-12,2026-11-01 00:00:00,Mediterranean,Yacht,727271.7399999999,0.0,727271.7399999999,6877.37,3541.44
SA00290,2026-12-01,2026-12-01 00:00:00,Mediterranean,Yacht,995687.6500000004,0.0,995687.6500000004,12721.21,11275.67
SA00291,2026-12-13,2026-12-01 00:00:00,Mediterranean,Yacht,750193.8599999995,0.0,750193.8599999995,4885.32,6427.24
SA00292,2026-12-25,2026-12-01 00:00:00,Mediterranean,Yacht,678633.9099999998,0.0,678633.9099999998,554.79,832.18
SA00354,2026-06-23,2026-06-01 00:00:00,European Rivers,River,496806.75999999983,0.0,496806.75999999983,7809.429999999999,4364.92
SA00355,2026-07-09,2026-07-01 00:00:00,Northern Europe,River,548227.31,0.0,548227.31,1787.1,2680.65
SA00356,2026-07-21,2026-07-01 00:00:00,European Rivers,River,480727.06000000006,0.0,480727.06000000006,4150.33,6225.49
SA00357,2026-08-02,2026-08-01 00:00:00,European Rivers,River,515803.94000000006,0.0,515803.94000000006,6351.03,3206.01
SA00358,2026-08-20,2026-08-01 00:00:00,Northern Europe,River,695940.24,0.0,695940.24,5320.72,5801.68
SA00359,2026-09-03,2026-09-01 00:00:00,Northern Europe,River,675563.2899999998,0.0,675563.2899999998,7660.94,6183.77
SA00360,2026-09-14,2026-09-01 00:00:00,European Rivers,River,491088.12999999995,0.0,491088.12999999995,0.0,0.0
SA00361,2026-09-29,2026-09-01 00:00:00,European Rivers,River,511943.9800000001,0.0,511943.9800000001,6262.8,3550.2099999999996
SA00362,2026-10-14,2026-10-01 00:00:00,European Rivers,River,326412.51999999996,0.0,326412.51999999996,6313.71,2705.87
SA00363,2026-10-30,2026-10-01 00:00:00,Northern Europe,River,515197.6900000001,0.0,515197.6900000001,4506.61,4444.5599999999995
SA00364,2026-11-13,2026-11-01 00:00:00,European Rivers,River,672398.1599999997,0.0,672398.1599999997,2481.75,3722.6200000000003
SA00365,2026-11-28,2026-11-01 00:00:00,European Rivers,River,496769.07999999996,0.0,496769.07999999996,4419.1900000000005,2698.05
SA00366,2026-12-09,2026-12-01 00:00:00,European Rivers,River,494078.80000000005,0.0,494078.80000000005,13510.01,5790.01
SA00367,2026-12-24,2026-12-01 00:00:00,Northern Europe,River,571070.01,0.0,571070.01,8472.04,5049.12
SA00430,2026-06-19,2026-06-01 00:00:00,Caribbean,Expedition,1164969.7400000007,0.0,1164969.7400000007,3595.0099999999998,2959.34
SA00431,2026-07-07,2026-07-01 00:00:00,Asia Pacific,Expedition,1521039.67,0.0,1521039.67,6071.46,9107.17
SA00432,2026-07-22,2026-07-01 00:00:00,Caribbean,Expedition,947926.6699999998,0.0,947926.6699999998,8661.1,6936.5
SA00433,2026-08-05,2026-08-01 00:00:00,Caribbean,Expedition,933871.5700000001,0.0,933871.5700000001,3499.7799999999997,5249.67
SA00434,2026-08-18,2026-08-01 00:00:00,Mediterranean,Expedition,783526.9900000001,0.0,783526.9900000001,9359.17,9265.529999999999
SA00435,2026-08-30,2026-08-01 00:00:00,European Rivers,Expedition,600514.79,0.0,600514.79,1920.15,822.92
SA00436,2026-09-10,2026-09-01 00:00:00,Mediterranean,Expedition,929187.24,0.0,929187.24,8924.61,9772.91
SA00437,2026-09-26,2026-09-01 00:00:00,Alaska,Expedition,815526.16,0.0,815526.16,4234.72,2949.54
SA00438,2026-10-12,2026-10-01 00:00:00,Caribbean,Expedition,991326.48,0.0,991326.48,10904.970000000001,6283.25
SA00439,2026-10-25,2026-10-01 00:00:00,Caribbean,Expedition,1007506.7900000003,0.0,1007506.7900000003,11246.41,10548.14
SA00440,2026-11-06,2026-11-01 00:00:00,Alaska,Expedition,865170.02,0.0,865170.02,2898.55,1242.23
SA00441,2026-11-26,2026-11-01 00:00:00,Asia Pacific,Expedition,1420417.4800000004,0.0,1420417.4800000004,7447.39,7559.93
SA00442,2026-12-06,2026-12-01 00:00:00,Caribbean,Expedition,594560.1699999999,0.0,594560.1699999999,11345.769999999999,8412.46
SA00443,2026-12-26,2026-12-01 00:00:00,Asia Pacific,Expedition,1179294.97,0.0,1179294.97,17526.510000000002,7511.360000000001
