sailing_id,departure_date,departure_month,region,itinerary_name,ship_class,passenger_capacity,available_passenger_nights,sold_passenger_nights,booked_net_revenue,cancelled_bookings,occupancy_rate,occupancy_gap
SA00245,2025-02-15,2025-02-01 00:00:00,Caribbean,Antilles Luxury Crossing,Yacht,116.0,1160.0,630.0,588154.35,1,0.5431034482758621,0.4568965517241379
SA00246,2025-03-02,2025-03-01 00:00:00,Caribbean,Antilles Luxury Crossing,Yacht,116.0,1160.0,810.0,752303.2899999999,1,0.6982758620689655,0.3017241379310345
SA00250,2025-04-30,2025-04-01 00:00:00,Caribbean,Leeward Islands Retreat,Yacht,116.0,812.0,490.0,446790.25,3,0.603448275862069,0.39655172413793105
SA00252,2025-05-21,2025-05-01 00:00:00,Caribbean,Antilles Luxury Crossing,Yacht,116.0,1160.0,820.0,783439.4499999998,2,0.7068965517241379,0.2931034482758621
SA00256,2025-07-12,2025-07-01 00:00:00,Caribbean,Leeward Islands Retreat,Yacht,116.0,812.0,693.0,630730.2200000001,2,0.853448275862069,0.14655172413793105
SA00258,2025-08-08,2025-08-01 00:00:00,Mediterranean,Riviera Grand Voyage,Yacht,116.0,1392.0,1044.0,1251111.45,10,0.75,0.25
SA00263,2025-10-19,2025-10-01 00:00:00,Caribbean,Antilles Luxury Crossing,Yacht,116.0,1160.0,960.0,916887.4499999998,7,0.8275862068965517,0.1724137931034483
SA00264,2025-11-03,2025-11-01 00:00:00,Caribbean,Leeward Islands Retreat,Yacht,116.0,812.0,518.0,497950.8599999999,2,0.6379310344827587,0.3620689655172413
SA00275,2026-04-10,2026-04-01 00:00:00,Mediterranean,Riviera Grand Voyage,Yacht,116.0,1392.0,1188.0,1377615.1299999997,2,0.853448275862069,0.14655172413793105
SA00281,2026-07-11,2026-07-01 00:00:00,Mediterranean,Greek Isles and Amalfi,Yacht,116.0,812.0,651.0,711376.6399999999,1,0.8017241379310345,0.19827586206896552
SA00282,2026-07-24,2026-07-01 00:00:00,Mediterranean,Riviera Grand Voyage,Yacht,116.0,1392.0,1104.0,1292739.94,4,0.7931034482758621,0.2068965517241379
SA00289,2026-11-05,2026-11-01 00:00:00,Mediterranean,Greek Isles and Amalfi,Yacht,116.0,812.0,651.0,716852.9300000002,4,0.8017241379310345,0.19827586206896552
SA00298,2024-03-20,2024-03-01 00:00:00,European Rivers,Danube Culinary Sail,River,128.0,1024.0,632.0,448523.94000000006,2,0.6171875,0.3828125
SA00308,2024-08-13,2024-08-01 00:00:00,European Rivers,Danube Culinary Sail,River,128.0,1024.0,592.0,422994.41000000003,4,0.578125,0.421875
SA00316,2024-12-07,2024-12-01 00:00:00,European Rivers,Danube Culinary Sail,River,128.0,1024.0,768.0,563947.19,3,0.75,0.25
SA00324,2025-04-04,2025-04-01 00:00:00,Northern Europe,Baltic Capitals,River,128.0,1408.0,825.0,641293.22,3,0.5859375,0.4140625
SA00329,2025-06-18,2025-06-01 00:00:00,European Rivers,Danube Culinary Sail,River,128.0,1024.0,560.0,388812.76,1,0.546875,0.453125
SA00337,2025-10-10,2025-10-01 00:00:00,Northern Europe,Baltic Capitals,River,128.0,1408.0,869.0,648250.8099999999,2,0.6171875,0.3828125
SA00353,2026-06-02,2026-06-01 00:00:00,European Rivers,Danube Culinary Sail,River,128.0,1024.0,688.0,533024.5700000001,5,0.671875,0.328125
SA00362,2026-10-06,2026-10-01 00:00:00,European Rivers,Danube Culinary Sail,River,128.0,1024.0,424.0,317392.94,4,0.4140625,0.5859375
SA00001,2024-01-13,2024-01-01 00:00:00,Northern Europe,Baltic Capitals,Expedition,148.0,1628.0,825.0,769167.2500000001,4,0.5067567567567568,0.4932432432432432
SA00010,2024-05-27,2024-05-01 00:00:00,European Rivers,Danube Culinary Sail,Expedition,148.0,1184.0,784.0,672391.6600000003,4,0.6621621621621622,0.33783783783783783
SA00020,2024-10-22,2024-10-01 00:00:00,Caribbean,Leeward Islands Retreat,Expedition,148.0,1036.0,630.0,510245.23999999993,3,0.6081081081081081,0.3918918918918919
SA00030,2025-03-14,2025-03-01 00:00:00,Alaska,Glaciers and Fjords,Expedition,148.0,1332.0,873.0,795969.5000000002,4,0.6554054054054054,0.3445945945945946
SA00046,2025-11-19,2025-11-01 00:00:00,Caribbean,Antilles Luxury Crossing,Expedition,148.0,1480.0,1120.0,927522.3300000001,2,0.7567567567567568,0.2432432432432432
SA00049,2026-01-04,2026-01-01 00:00:00,Caribbean,Antilles Luxury Crossing,Expedition,148.0,1480.0,910.0,766046.45,6,0.6148648648648649,0.3851351351351351
SA00050,2026-01-17,2026-01-01 00:00:00,Asia Pacific,Japan and Korea Discovery,Expedition,148.0,2072.0,1582.0,1644074.9599999993,5,0.7635135135135135,0.2364864864864865
SA00055,2026-04-08,2026-04-01 00:00:00,Mediterranean,Riviera Grand Voyage,Expedition,148.0,1776.0,1584.0,1631184.5500000005,3,0.8918918918918919,0.10810810810810811
SA00057,2026-05-10,2026-05-01 00:00:00,Alaska,Glaciers and Fjords,Expedition,148.0,1332.0,711.0,634962.77,3,0.5337837837837838,0.46621621621621623
SA00077,2024-03-25,2024-03-01 00:00:00,European Rivers,Danube Culinary Sail,Ocean,202.0,1616.0,960.0,698641.9099999996,2,0.594059405940594,0.40594059405940597
SA00085,2024-07-21,2024-07-01 00:00:00,Mediterranean,Riviera Grand Voyage,Ocean,202.0,2424.0,2136.0,1999498.169999999,4,0.8811881188118812,0.1188118811881188
SA00099,2025-03-05,2025-03-01 00:00:00,Caribbean,Leeward Islands Retreat,Ocean,202.0,1414.0,994.0,721240.1899999998,8,0.7029702970297029,0.29702970297029707
SA00105,2025-05-29,2025-05-01 00:00:00,Mediterranean,Greek Isles and Amalfi,Ocean,202.0,1414.0,1099.0,927823.77,5,0.7772277227722773,0.22277227722772275
SA00116,2025-11-14,2025-11-01 00:00:00,Caribbean,Leeward Islands Retreat,Ocean,202.0,1414.0,1001.0,700114.1300000001,4,0.7079207920792079,0.2920792079207921
SA00121,2026-01-25,2026-01-01 00:00:00,Mediterranean,Greek Isles and Amalfi,Ocean,202.0,1414.0,1106.0,935150.5400000004,2,0.7821782178217822,0.2178217821782178
SA00125,2026-03-25,2026-03-01 00:00:00,Mediterranean,Riviera Grand Voyage,Ocean,202.0,2424.0,1740.0,1631330.76,4,0.7178217821782178,0.2821782178217822
SA00157,2024-08-15,2024-08-01 00:00:00,Caribbean,Antilles Luxury Crossing,Ocean,232.0,2320.0,1340.0,964265.0799999997,9,0.5775862068965517,0.4224137931034483
SA00164,2024-11-30,2024-11-01 00:00:00,Mediterranean,Riviera Grand Voyage,Ocean,232.0,2784.0,2340.0,2132934.2999999993,5,0.8405172413793104,0.1594827586206896
SA00171,2025-03-06,2025-03-01 00:00:00,Mediterranean,Riviera Grand Voyage,Ocean,232.0,2784.0,2124.0,1883681.5600000005,11,0.7629310344827587,0.23706896551724133
SA00175,2025-05-14,2025-05-01 00:00:00,Alaska,Glaciers and Fjords,Ocean,232.0,2088.0,1494.0,1179776.88,6,0.7155172413793104,0.2844827586206896
SA00192,2026-01-26,2026-01-01 00:00:00,Caribbean,Leeward Islands Retreat,Ocean,232.0,1624.0,1064.0,742012.1299999998,9,0.6551724137931034,0.3448275862068966
SA00195,2026-03-12,2026-03-01 00:00:00,Mediterranean,Greek Isles and Amalfi,Ocean,232.0,1624.0,1260.0,1062014.51,3,0.7758620689655172,0.22413793103448276
SA00199,2026-05-06,2026-05-01 00:00:00,European Rivers,Danube Culinary Sail,Ocean,232.0,1856.0,1056.0,787205.2799999998,2,0.5689655172413793,0.43103448275862066
SA00200,2026-05-21,2026-05-01 00:00:00,Alaska,Glaciers and Fjords,Ocean,232.0,2088.0,1395.0,1092038.67,8,0.6681034482758621,0.3318965517241379
SA00204,2026-07-10,2026-07-01 00:00:00,Caribbean,Antilles Luxury Crossing,Ocean,232.0,2320.0,1710.0,1221058.0499999993,2,0.7370689655172413,0.2629310344827587
SA00207,2026-08-21,2026-08-01 00:00:00,Northern Europe,Baltic Capitals,Ocean,232.0,2552.0,1232.0,964148.6000000002,5,0.4827586206896552,0.5172413793103448
SA00216,2024-01-07,2024-01-01 00:00:00,Mediterranean,Greek Isles and Amalfi,Yacht,116.0,812.0,651.0,726010.21,6,0.8017241379310345,0.19827586206896552
SA00229,2024-07-04,2024-07-01 00:00:00,Caribbean,Antilles Luxury Crossing,Yacht,116.0,1160.0,810.0,776135.8900000001,1,0.6982758620689655,0.3017241379310345
SA00376,2024-04-28,2024-04-01 00:00:00,Caribbean,Antilles Luxury Crossing,Expedition,158.0,1580.0,900.0,787810.6799999996,8,0.569620253164557,0.430379746835443
SA00387,2024-09-27,2024-09-01 00:00:00,Northern Europe,Baltic Capitals,Expedition,158.0,1738.0,1045.0,943276.42,2,0.6012658227848101,0.3987341772151899
SA00393,2024-12-23,2024-12-01 00:00:00,Caribbean,Antilles Luxury Crossing,Expedition,158.0,1580.0,1080.0,943483.74,1,0.6835443037974683,0.31645569620253167
SA00397,2025-02-23,2025-02-01 00:00:00,Mediterranean,Greek Isles and Amalfi,Expedition,158.0,1106.0,917.0,907304.3100000004,2,0.8291139240506329,0.1708860759493671
SA00415,2025-10-20,2025-10-01 00:00:00,Mediterranean,Greek Isles and Amalfi,Expedition,158.0,1106.0,805.0,776916.4300000002,8,0.7278481012658228,0.2721518987341772
SA00419,2025-12-17,2025-12-01 00:00:00,Alaska,Glaciers and Fjords,Expedition,158.0,1422.0,1116.0,1044733.2899999999,4,0.7848101265822784,0.21518987341772156
SA00423,2026-02-17,2026-02-01 00:00:00,Alaska,Glaciers and Fjords,Expedition,158.0,1422.0,954.0,893947.7299999999,5,0.6708860759493671,0.3291139240506329
SA00424,2026-03-05,2026-03-01 00:00:00,Asia Pacific,Japan and Korea Discovery,Expedition,158.0,2212.0,1330.0,1387913.84,4,0.6012658227848101,0.3987341772151899
SA00436,2026-09-03,2026-09-01 00:00:00,Mediterranean,Greek Isles and Amalfi,Expedition,158.0,1106.0,931.0,910489.72,8,0.8417721518987342,0.15822784810126578
SA00238,2024-11-06,2024-11-01 00:00:00,Caribbean,Antilles Luxury Crossing,Yacht,116.0,1160.0,730.0,705488.4900000001,1,0.6293103448275862,0.3706896551724138
SA00240,2024-12-03,2024-12-01 00:00:00,Caribbean,Leeward Islands Retreat,Yacht,116.0,812.0,448.0,402333.49,1,0.5517241379310345,0.4482758620689655
SA00247,2025-03-17,2025-03-01 00:00:00,Mediterranean,Riviera Grand Voyage,Yacht,116.0,1392.0,1140.0,1367046.52,5,0.8189655172413793,0.18103448275862066
SA00251,2025-05-11,2025-05-01 00:00:00,Caribbean,Leeward Islands Retreat,Yacht,116.0,812.0,518.0,469980.02,3,0.6379310344827587,0.3620689655172413
SA00259,2025-08-27,2025-08-01 00:00:00,Caribbean,Antilles Luxury Crossing,Yacht,116.0,1160.0,1010.0,971738.76,1,0.8706896551724138,0.1293103448275862
SA00260,2025-09-09,2025-09-01 00:00:00,Caribbean,Leeward Islands Retreat,Yacht,116.0,812.0,560.0,499638.8400000001,1,0.6896551724137931,0.31034482758620685
SA00265,2025-11-13,2025-11-01 00:00:00,Mediterranean,Greek Isles and Amalfi,Yacht,116.0,812.0,770.0,850237.4400000001,2,0.9482758620689655,0.051724137931034475
SA00269,2026-01-13,2026-01-01 00:00:00,Mediterranean,Greek Isles and Amalfi,Yacht,116.0,812.0,504.0,510668.15,4,0.6206896551724138,0.3793103448275862
SA00319,2025-01-22,2025-01-01 00:00:00,European Rivers,Danube Culinary Sail,River,128.0,1024.0,776.0,578259.4199999999,4,0.7578125,0.2421875
SA00330,2025-06-30,2025-06-01 00:00:00,Northern Europe,Baltic Capitals,River,128.0,1408.0,616.0,458330.98000000004,5,0.4375,0.5625
SA00332,2025-07-29,2025-07-01 00:00:00,Northern Europe,Baltic Capitals,River,128.0,1408.0,902.0,699574.9799999999,1,0.640625,0.359375
SA00334,2025-08-25,2025-08-01 00:00:00,European Rivers,Danube Culinary Sail,River,128.0,1024.0,696.0,505629.6300000002,3,0.6796875,0.3203125
SA00344,2026-01-16,2026-01-01 00:00:00,Northern Europe,Baltic Capitals,River,128.0,1408.0,990.0,748977.2899999998,1,0.703125,0.296875
SA00348,2026-03-12,2026-03-01 00:00:00,European Rivers,Danube Culinary Sail,River,128.0,1024.0,688.0,494774.75999999995,2,0.671875,0.328125
SA00355,2026-06-28,2026-06-01 00:00:00,Northern Europe,Baltic Capitals,River,128.0,1408.0,682.0,543759.5599999999,2,0.484375,0.515625
SA00360,2026-09-06,2026-09-01 00:00:00,European Rivers,Danube Culinary Sail,River,128.0,1024.0,672.0,491088.13,0,0.65625,0.34375
SA00007,2024-04-16,2024-04-01 00:00:00,Caribbean,Antilles Luxury Crossing,Expedition,148.0,1480.0,900.0,741961.03,4,0.6081081081081081,0.3918918918918919
SA00041,2025-09-03,2025-09-01 00:00:00,Alaska,Glaciers and Fjords,Expedition,148.0,1332.0,864.0,825065.3300000001,9,0.6486486486486487,0.3513513513513513
SA00042,2025-09-17,2025-09-01 00:00:00,Mediterranean,Riviera Grand Voyage,Expedition,148.0,1776.0,1332.0,1363236.7500000007,5,0.75,0.25
SA00063,2026-08-06,2026-08-01 00:00:00,European Rivers,Danube Culinary Sail,Expedition,148.0,1184.0,880.0,768075.88,4,0.7432432432432432,0.2567567567567568
SA00088,2024-09-14,2024-09-01 00:00:00,Northern Europe,Baltic Capitals,Ocean,202.0,2222.0,1342.0,1064117.62,4,0.6039603960396039,0.39603960396039606
SA00090,2024-10-16,2024-10-01 00:00:00,Mediterranean,Riviera Grand Voyage,Ocean,202.0,2424.0,1944.0,1849719.2499999993,7,0.801980198019802,0.19801980198019797
SA00094,2024-12-26,2024-12-01 00:00:00,Caribbean,Leeward Islands Retreat,Ocean,202.0,1414.0,924.0,653195.5200000001,2,0.6534653465346535,0.3465346534653465
SA00097,2025-02-03,2025-02-01 00:00:00,European Rivers,Danube Culinary Sail,Ocean,202.0,1616.0,880.0,622053.0899999999,5,0.5445544554455446,0.4554455445544554
SA00098,2025-02-17,2025-02-01 00:00:00,Alaska,Glaciers and Fjords,Ocean,202.0,1818.0,1071.0,862979.8200000001,4,0.5891089108910891,0.4108910891089109
SA00102,2025-04-17,2025-04-01 00:00:00,Caribbean,Antilles Luxury Crossing,Ocean,202.0,2020.0,1380.0,1000659.71,5,0.6831683168316832,0.3168316831683168
SA00110,2025-08-12,2025-08-01 00:00:00,Caribbean,Antilles Luxury Crossing,Ocean,202.0,2020.0,1240.0,904816.3099999996,7,0.6138613861386139,0.38613861386138615
SA00123,2026-02-19,2026-02-01 00:00:00,Northern Europe,Baltic Capitals,Ocean,202.0,2222.0,1177.0,980605.28,8,0.5297029702970297,0.47029702970297027
SA00124,2026-03-07,2026-03-01 00:00:00,Asia Pacific,Japan and Korea Discovery,Ocean,202.0,2828.0,1750.0,1547404.4800000002,7,0.6188118811881188,0.3811881188118812
SA00127,2026-04-27,2026-04-01 00:00:00,Caribbean,Antilles Luxury Crossing,Ocean,202.0,2020.0,1040.0,786038.38,5,0.5148514851485149,0.48514851485148514
SA00132,2026-07-22,2026-07-01 00:00:00,Caribbean,Antilles Luxury Crossing,Ocean,202.0,2020.0,1360.0,1028288.7499999999,4,0.6732673267326733,0.3267326732673267
SA00136,2026-09-18,2026-09-01 00:00:00,European Rivers,Danube Culinary Sail,Ocean,202.0,1616.0,952.0,710890.4500000003,6,0.5891089108910891,0.4108910891089109
SA00147,2024-03-14,2024-03-01 00:00:00,Alaska,Glaciers and Fjords,Ocean,232.0,2088.0,1341.0,1044511.8700000002,9,0.6422413793103449,0.35775862068965514
SA00148,2024-03-28,2024-03-01 00:00:00,Caribbean,Leeward Islands Retreat,Ocean,232.0,1624.0,1092.0,746252.1699999999,4,0.6724137931034483,0.3275862068965517
SA00153,2024-06-16,2024-06-01 00:00:00,Caribbean,Antilles Luxury Crossing,Ocean,232.0,2320.0,1470.0,1089887.4200000004,5,0.6336206896551724,0.3663793103448276
SA00159,2024-09-17,2024-09-01 00:00:00,European Rivers,Danube Culinary Sail,Ocean,232.0,1856.0,1152.0,863111.58,6,0.6206896551724138,0.3793103448275862
SA00162,2024-10-28,2024-10-01 00:00:00,Asia Pacific,Japan and Korea Discovery,Ocean,232.0,3248.0,2268.0,1982533.2700000005,7,0.6982758620689655,0.3017241379310345
SA00211,2026-10-20,2026-10-01 00:00:00,Northern Europe,Baltic Capitals,Ocean,232.0,2552.0,1034.0,774547.2500000001,2,0.4051724137931034,0.5948275862068966
SA00212,2026-11-07,2026-11-01 00:00:00,Caribbean,Antilles Luxury Crossing,Ocean,232.0,2320.0,1730.0,1240855.3500000006,7,0.7456896551724138,0.2543103448275862
SA00217,2024-01-17,2024-01-01 00:00:00,Caribbean,Leeward Islands Retreat,Yacht,116.0,812.0,504.0,450284.6800000001,2,0.6206896551724138,0.3793103448275862
SA00370,2024-02-09,2024-02-01 00:00:00,Alaska,Glaciers and Fjords,Expedition,158.0,1422.0,1269.0,1178097.42,5,0.8924050632911392,0.10759493670886078
SA00372,2024-03-11,2024-03-01 00:00:00,European Rivers,Danube Culinary Sail,Expedition,158.0,1264.0,720.0,607576.16,0,0.569620253164557,0.430379746835443
SA00386,2024-09-14,2024-09-01 00:00:00,Caribbean,Antilles Luxury Crossing,Expedition,158.0,1580.0,1100.0,928330.8099999996,5,0.6962025316455697,0.30379746835443033
SA00388,2024-10-11,2024-10-01 00:00:00,Alaska,Glaciers and Fjords,Expedition,158.0,1422.0,1008.0,932085.5,5,0.7088607594936709,0.2911392405063291
SA00406,2025-06-18,2025-06-01 00:00:00,Mediterranean,Greek Isles and Amalfi,Expedition,158.0,1106.0,917.0,862745.9899999996,8,0.8291139240506329,0.1708860759493671
SA00408,2025-07-17,2025-07-01 00:00:00,Caribbean,Leeward Islands Retreat,Expedition,158.0,1106.0,735.0,593121.13,4,0.6645569620253164,0.33544303797468356
SA00420,2026-01-01,2026-01-01 00:00:00,Mediterranean,Riviera Grand Voyage,Expedition,158.0,1896.0,1536.0,1619619.6600000001,5,0.810126582278481,0.189873417721519
SA00426,2026-04-10,2026-04-01 00:00:00,Caribbean,Leeward Islands Retreat,Expedition,158.0,1106.0,798.0,640755.6700000002,6,0.7215189873417721,0.2784810126582279
SA00428,2026-05-07,2026-05-01 00:00:00,Alaska,Glaciers and Fjords,Expedition,158.0,1422.0,1089.0,1006541.54,6,0.7658227848101266,0.23417721518987344
SA00237,2024-10-21,2024-10-01 00:00:00,Mediterranean,Riviera Grand Voyage,Yacht,116.0,1392.0,1164.0,1378541.9399999997,2,0.8362068965517241,0.1637931034482759
SA00241,2024-12-14,2024-12-01 00:00:00,Caribbean,Leeward Islands Retreat,Yacht,116.0,812.0,602.0,535990.0100000001,2,0.7413793103448276,0.2586206896551724
SA00266,2025-11-25,2025-11-01 00:00:00,Mediterranean,Greek Isles and Amalfi,Yacht,116.0,812.0,630.0,679445.2700000001,3,0.7758620689655172,0.22413793103448276
SA00277,2026-05-16,2026-05-01 00:00:00,Caribbean,Antilles Luxury Crossing,Yacht,116.0,1160.0,830.0,779244.9700000003,4,0.7155172413793104,0.2844827586206896
SA00293,2024-01-08,2024-01-01 00:00:00,European Rivers,Danube Culinary Sail,River,128.0,1024.0,624.0,444651.41000000003,2,0.609375,0.390625
SA00297,2024-03-08,2024-03-01 00:00:00,European Rivers,Danube Culinary Sail,River,128.0,1024.0,832.0,595923.1000000001,2,0.8125,0.1875
SA00302,2024-05-15,2024-05-01 00:00:00,Northern Europe,Baltic Capitals,River,128.0,1408.0,682.0,531929.2299999997,3,0.484375,0.515625
SA00305,2024-06-30,2024-06-01 00:00:00,Northern Europe,Baltic Capitals,River,128.0,1408.0,605.0,443727.19999999995,2,0.4296875,0.5703125
SA00318,2025-01-05,2025-01-01 00:00:00,Northern Europe,Baltic Capitals,River,128.0,1408.0,539.0,429270.68,2,0.3828125,0.6171875
SA00339,2025-11-05,2025-11-01 00:00:00,Northern Europe,Baltic Capitals,River,128.0,1408.0,902.0,680178.2399999999,3,0.640625,0.359375
SA00340,2025-11-19,2025-11-01 00:00:00,Northern Europe,Baltic Capitals,River,128.0,1408.0,726.0,579911.48,1,0.515625,0.484375
SA00352,2026-05-18,2026-05-01 00:00:00,Northern Europe,Baltic Capitals,River,128.0,1408.0,594.0,446089.84,0,0.421875,0.578125
SA00359,2026-08-23,2026-08-01 00:00:00,Northern Europe,Baltic Capitals,River,128.0,1408.0,913.0,661718.58,4,0.6484375,0.3515625
SA00361,2026-09-21,2026-09-01 00:00:00,European Rivers,Danube Culinary Sail,River,128.0,1024.0,664.0,502130.97,5,0.6484375,0.3515625
SA00002,2024-01-30,2024-01-01 00:00:00,Alaska,Glaciers and Fjords,Expedition,148.0,1332.0,1080.0,1017865.2799999997,5,0.8108108108108109,0.18918918918918914
SA00003,2024-02-15,2024-02-01 00:00:00,European Rivers,Danube Culinary Sail,Expedition,148.0,1184.0,720.0,624038.42,5,0.6081081081081081,0.3918918918918919
SA00004,2024-02-28,2024-02-01 00:00:00,Caribbean,Antilles Luxury Crossing,Expedition,148.0,1480.0,1080.0,938304.6799999999,7,0.7297297297297297,0.2702702702702703
SA00012,2024-06-26,2024-06-01 00:00:00,Alaska,Glaciers and Fjords,Expedition,148.0,1332.0,909.0,832854.4200000002,5,0.6824324324324325,0.31756756756756754
SA00016,2024-08-30,2024-08-01 00:00:00,Alaska,Glaciers and Fjords,Expedition,148.0,1332.0,891.0,813722.6599999998,5,0.668918918918919,0.33108108108108103
SA00018,2024-09-28,2024-09-01 00:00:00,Alaska,Glaciers and Fjords,Expedition,148.0,1332.0,783.0,722501.4399999997,5,0.5878378378378378,0.41216216216216217
SA00023,2024-11-29,2024-11-01 00:00:00,Alaska,Glaciers and Fjords,Expedition,148.0,1332.0,972.0,851832.4799999999,7,0.7297297297297297,0.2702702702702703
SA00037,2025-06-27,2025-06-01 00:00:00,Asia Pacific,Japan and Korea Discovery,Expedition,148.0,2072.0,1036.0,1027044.91,5,0.5,0.5
SA00047,2025-12-06,2025-12-01 00:00:00,Caribbean,Leeward Islands Retreat,Expedition,148.0,1036.0,679.0,533586.0499999999,5,0.6554054054054054,0.3445945945945946
SA00081,2024-05-21,2024-05-01 00:00:00,Northern Europe,Baltic Capitals,Ocean,202.0,2222.0,1056.0,858352.1100000002,7,0.4752475247524752,0.5247524752475248
SA00093,2024-12-06,2024-12-01 00:00:00,Asia Pacific,Japan and Korea Discovery,Ocean,202.0,2828.0,1862.0,1648998.6300000001,4,0.6584158415841584,0.34158415841584155
SA00120,2026-01-12,2026-01-01 00:00:00,Caribbean,Antilles Luxury Crossing,Ocean,202.0,2020.0,1250.0,915972.11,3,0.6188118811881188,0.3811881188118812
SA00143,2024-01-15,2024-01-01 00:00:00,Mediterranean,Greek Isles and Amalfi,Ocean,232.0,1624.0,1239.0,1051423.3199999998,4,0.7629310344827587,0.23706896551724133
SA00146,2024-02-26,2024-02-01 00:00:00,Northern Europe,Baltic Capitals,Ocean,232.0,2552.0,1386.0,1029137.6600000001,9,0.5431034482758621,0.4568965517241379
SA00149,2024-04-09,2024-04-01 00:00:00,Asia Pacific,Japan and Korea Discovery,Ocean,232.0,3248.0,2156.0,1837370.200000001,7,0.6637931034482759,0.3362068965517241
SA00160,2024-10-02,2024-10-01 00:00:00,Caribbean,Leeward Islands Retreat,Ocean,232.0,1624.0,1120.0,762219.4699999996,4,0.6896551724137931,0.31034482758620685
SA00167,2025-01-15,2025-01-01 00:00:00,Mediterranean,Greek Isles and Amalfi,Ocean,232.0,1624.0,1421.0,1189652.0599999996,3,0.875,0.125
SA00177,2025-06-19,2025-06-01 00:00:00,Asia Pacific,Japan and Korea Discovery,Ocean,232.0,3248.0,1960.0,1718966.29,2,0.603448275862069,0.39655172413793105
SA00184,2025-10-07,2025-10-01 00:00:00,Northern Europe,Baltic Capitals,Ocean,232.0,2552.0,1001.0,778334.2200000001,7,0.3922413793103448,0.6077586206896552
SA00197,2026-04-05,2026-04-01 00:00:00,Mediterranean,Riviera Grand Voyage,Ocean,232.0,2784.0,1968.0,1787239.8100000003,11,0.7068965517241379,0.2931034482758621
SA00209,2026-09-22,2026-09-01 00:00:00,Northern Europe,Baltic Capitals,Ocean,232.0,2552.0,1419.0,1084434.8800000001,4,0.5560344827586207,0.44396551724137934
SA00213,2026-11-20,2026-11-01 00:00:00,Asia Pacific,Japan and Korea Discovery,Ocean,232.0,3248.0,2254.0,1927663.7799999998,3,0.6939655172413793,0.30603448275862066
SA00366,2026-12-01,2026-12-01 00:00:00,European Rivers,Danube Culinary Sail,River,128.0,1024.0,672.0,474778.7799999999,8,0.65625,0.34375
SA00382,2024-07-21,2024-07-01 00:00:00,European Rivers,Danube Culinary Sail,Expedition,158.0,1264.0,600.0,527597.5000000001,5,0.47468354430379744,0.5253164556962026
SA00411,2025-08-29,2025-08-01 00:00:00,European Rivers,Danube Culinary Sail,Expedition,158.0,1264.0,776.0,650438.3299999998,3,0.6139240506329114,0.38607594936708856
SA00231,2024-08-03,2024-08-01 00:00:00,Caribbean,Antilles Luxury Crossing,Yacht,116.0,1160.0,780.0,715415.1,5,0.6724137931034483,0.3275862068965517
SA00244,2025-01-27,2025-01-01 00:00:00,Mediterranean,Riviera Grand Voyage,Yacht,116.0,1392.0,1116.0,1271428.42,2,0.8017241379310345,0.19827586206896552
SA00253,2025-06-05,2025-06-01 00:00:00,Caribbean,Leeward Islands Retreat,Yacht,116.0,812.0,504.0,464330.89999999997,5,0.6206896551724138,0.3793103448275862
SA00262,2025-10-02,2025-10-01 00:00:00,Mediterranean,Riviera Grand Voyage,Yacht,116.0,1392.0,960.0,1096681.59,5,0.6896551724137931,0.31034482758620685
SA00271,2026-02-05,2026-02-01 00:00:00,Mediterranean,Riviera Grand Voyage,Yacht,116.0,1392.0,936.0,1063474.9700000002,11,0.6724137931034483,0.3275862068965517
SA00276,2026-04-29,2026-04-01 00:00:00,Mediterranean,Riviera Grand Voyage,Yacht,116.0,1392.0,924.0,1061803.9500000002,1,0.6637931034482759,0.3362068965517241
SA00279,2026-06-10,2026-06-01 00:00:00,Mediterranean,Riviera Grand Voyage,Yacht,116.0,1392.0,1140.0,1353618.6,6,0.8189655172413793,0.18103448275862066
SA00285,2026-09-12,2026-09-01 00:00:00,Mediterranean,Greek Isles and Amalfi,Yacht,116.0,812.0,658.0,720660.3099999997,4,0.8103448275862069,0.18965517241379315
SA00286,2026-09-25,2026-09-01 00:00:00,Mediterranean,Greek Isles and Amalfi,Yacht,116.0,812.0,616.0,675436.2599999999,3,0.7586206896551724,0.24137931034482762
SA00299,2024-03-31,2024-03-01 00:00:00,Northern Europe,Baltic Capitals,River,128.0,1408.0,572.0,454212.69000000006,3,0.40625,0.59375
SA00313,2024-10-22,2024-10-01 00:00:00,Northern Europe,Baltic Capitals,River,128.0,1408.0,1111.0,850477.6899999996,8,0.7890625,0.2109375
SA00327,2025-05-23,2025-05-01 00:00:00,European Rivers,Danube Culinary Sail,River,128.0,1024.0,784.0,558050.3999999999,3,0.765625,0.234375
SA00328,2025-06-07,2025-06-01 00:00:00,European Rivers,Danube Culinary Sail,River,128.0,1024.0,712.0,533363.82,2,0.6953125,0.3046875
SA00338,2025-10-25,2025-10-01 00:00:00,European Rivers,Danube Culinary Sail,River,128.0,1024.0,816.0,606841.0799999998,4,0.796875,0.203125
SA00345,2026-02-02,2026-02-01 00:00:00,Northern Europe,Baltic Capitals,River,128.0,1408.0,748.0,587355.42,1,0.53125,0.46875
SA00350,2026-04-12,2026-04-01 00:00:00,Northern Europe,Baltic Capitals,River,128.0,1408.0,935.0,704076.63,6,0.6640625,0.3359375
SA00351,2026-04-30,2026-04-01 00:00:00,Northern Europe,Baltic Capitals,River,128.0,1408.0,671.0,552892.56,6,0.4765625,0.5234375
SA00354,2026-06-15,2026-06-01 00:00:00,European Rivers,Danube Culinary Sail,River,128.0,1024.0,680.0,484632.41000000003,5,0.6640625,0.3359375
SA00017,2024-09-13,2024-09-01 00:00:00,Northern Europe,Baltic Capitals,Expedition,148.0,1628.0,858.0,742062.1900000002,1,0.527027027027027,0.472972972972973
SA00019,2024-10-12,2024-10-01 00:00:00,Mediterranean,Greek Isles and Amalfi,Expedition,148.0,1036.0,763.0,727436.7499999997,8,0.7364864864864865,0.2635135135135135
SA00021,2024-11-02,2024-11-01 00:00:00,Alaska,Glaciers and Fjords,Expedition,148.0,1332.0,1008.0,915360.41,3,0.7567567567567568,0.2432432432432432
SA00025,2024-12-28,2024-12-01 00:00:00,Mediterranean,Greek Isles and Amalfi,Expedition,148.0,1036.0,924.0,889728.19,2,0.8918918918918919,0.10810810810810811
SA00028,2025-02-11,2025-02-01 00:00:00,Northern Europe,Baltic Capitals,Expedition,148.0,1628.0,770.0,677316.3800000001,2,0.47297297297297297,0.527027027027027
SA00036,2025-06-14,2025-06-01 00:00:00,Caribbean,Leeward Islands Retreat,Expedition,148.0,1036.0,574.0,467399.86,3,0.5540540540540541,0.44594594594594594
SA00043,2025-10-05,2025-10-01 00:00:00,European Rivers,Danube Culinary Sail,Expedition,148.0,1184.0,792.0,660989.4,5,0.668918918918919,0.33108108108108103
SA00051,2026-02-03,2026-02-01 00:00:00,Mediterranean,Riviera Grand Voyage,Expedition,148.0,1776.0,1584.0,1632449.0199999996,5,0.8918918918918919,0.10810810810810811
SA00056,2026-04-26,2026-04-01 00:00:00,Northern Europe,Baltic Capitals,Expedition,148.0,1628.0,660.0,595055.31,3,0.40540540540540543,0.5945945945945945
SA00059,2026-06-12,2026-06-01 00:00:00,Mediterranean,Riviera Grand Voyage,Expedition,148.0,1776.0,1548.0,1624788.42,7,0.8716216216216216,0.1283783783783784
SA00062,2026-07-25,2026-07-01 00:00:00,Alaska,Glaciers and Fjords,Expedition,148.0,1332.0,927.0,829583.7800000001,4,0.6959459459459459,0.30405405405405406
SA00069,2026-11-06,2026-11-01 00:00:00,Mediterranean,Riviera Grand Voyage,Expedition,148.0,1776.0,1476.0,1518886.2799999998,5,0.831081081081081,0.16891891891891897
SA00073,2024-01-22,2024-01-01 00:00:00,Asia Pacific,Japan and Korea Discovery,Ocean,202.0,2828.0,1512.0,1335618.65,2,0.5346534653465347,0.4653465346534653
SA00074,2024-02-12,2024-02-01 00:00:00,Caribbean,Antilles Luxury Crossing,Ocean,202.0,2020.0,1120.0,801066.1099999998,2,0.5544554455445545,0.4455445544554455
SA00075,2024-02-27,2024-02-01 00:00:00,Caribbean,Leeward Islands Retreat,Ocean,202.0,1414.0,1085.0,798343.0799999998,6,0.7673267326732673,0.23267326732673266
SA00079,2024-04-19,2024-04-01 00:00:00,Caribbean,Leeward Islands Retreat,Ocean,202.0,1414.0,1043.0,743189.49,5,0.7376237623762376,0.2623762376237624
SA00080,2024-05-03,2024-05-01 00:00:00,Mediterranean,Riviera Grand Voyage,Ocean,202.0,2424.0,1764.0,1630764.8100000003,9,0.7277227722772277,0.2722772277227723
SA00089,2024-09-28,2024-09-01 00:00:00,Northern Europe,Baltic Capitals,Ocean,202.0,2222.0,946.0,742911.22,5,0.42574257425742573,0.5742574257425743
SA00104,2025-05-19,2025-05-01 00:00:00,Mediterranean,Greek Isles and Amalfi,Ocean,202.0,1414.0,1134.0,967862.4499999997,6,0.801980198019802,0.19801980198019797
SA00115,2025-11-04,2025-11-01 00:00:00,Mediterranean,Greek Isles and Amalfi,Ocean,202.0,1414.0,1078.0,911441.26,2,0.7623762376237624,0.2376237623762376
SA00129,2026-06-02,2026-06-01 00:00:00,Asia Pacific,Japan and Korea Discovery,Ocean,202.0,2828.0,1974.0,1770825.4300000002,5,0.698019801980198,0.301980198019802
SA00131,2026-07-03,2026-07-01 00:00:00,Mediterranean,Riviera Grand Voyage,Ocean,202.0,2424.0,1932.0,1818520.93,6,0.7970297029702971,0.20297029702970293
SA00138,2026-10-13,2026-10-01 00:00:00,Asia Pacific,Japan and Korea Discovery,Ocean,202.0,2828.0,2114.0,1839866.479999999,2,0.7475247524752475,0.2524752475247525
SA00140,2026-11-14,2026-11-01 00:00:00,Mediterranean,Riviera Grand Voyage,Ocean,202.0,2424.0,1800.0,1642295.0500000003,6,0.7425742574257426,0.25742574257425743
SA00142,2026-12-17,2026-12-01 00:00:00,European Rivers,Danube Culinary Sail,Ocean,202.0,1616.0,1072.0,781563.7000000002,5,0.6633663366336634,0.3366336633663366
SA00150,2024-04-26,2024-04-01 00:00:00,Northern Europe,Baltic Capitals,Ocean,232.0,2552.0,1760.0,1350460.5299999998,2,0.6896551724137931,0.31034482758620685
SA00158,2024-08-31,2024-08-01 00:00:00,Northern Europe,Baltic Capitals,Ocean,232.0,2552.0,1485.0,1138903.2400000005,1,0.5818965517241379,0.4181034482758621
SA00161,2024-10-13,2024-10-01 00:00:00,Northern Europe,Baltic Capitals,Ocean,232.0,2552.0,1298.0,975765.0199999998,2,0.5086206896551724,0.4913793103448276
SA00163,2024-11-17,2024-11-01 00:00:00,Caribbean,Leeward Islands Retreat,Ocean,232.0,1624.0,903.0,633802.0100000004,5,0.5560344827586207,0.44396551724137934
SA00168,2025-01-25,2025-01-01 00:00:00,Northern Europe,Baltic Capitals,Ocean,232.0,2552.0,1232.0,892487.7699999999,3,0.4827586206896552,0.5172413793103448
SA00173,2025-04-11,2025-04-01 00:00:00,Northern Europe,Baltic Capitals,Ocean,232.0,2552.0,1199.0,956345.7300000001,3,0.4698275862068966,0.5301724137931034
SA00183,2025-09-22,2025-09-01 00:00:00,Alaska,Glaciers and Fjords,Ocean,232.0,2088.0,1485.0,1167294.3599999999,5,0.7112068965517241,0.2887931034482759
SA00185,2025-10-22,2025-10-01 00:00:00,Caribbean,Leeward Islands Retreat,Ocean,232.0,1624.0,1141.0,810058.0500000002,8,0.7025862068965517,0.2974137931034483
SA00187,2025-11-17,2025-11-01 00:00:00,Caribbean,Leeward Islands Retreat,Ocean,232.0,1624.0,1302.0,897435.5999999999,6,0.8017241379310345,0.19827586206896552
SA00188,2025-12-01,2025-12-01 00:00:00,Alaska,Glaciers and Fjords,Ocean,232.0,2088.0,1593.0,1261717.96,7,0.7629310344827587,0.23706896551724133
SA00190,2025-12-26,2025-12-01 00:00:00,Asia Pacific,Japan and Korea Discovery,Ocean,232.0,3248.0,2058.0,1788613.9100000001,5,0.6336206896551724,0.3663793103448276
SA00191,2026-01-14,2026-01-01 00:00:00,European Rivers,Danube Culinary Sail,Ocean,232.0,1856.0,1272.0,950931.43,6,0.6853448275862069,0.31465517241379315
SA00193,2026-02-09,2026-02-01 00:00:00,Northern Europe,Baltic Capitals,Ocean,232.0,2552.0,1089.0,840872.15,4,0.4267241379310345,0.5732758620689655
SA00208,2026-09-08,2026-09-01 00:00:00,Alaska,Glaciers and Fjords,Ocean,232.0,2088.0,1701.0,1359594.4000000004,3,0.8146551724137931,0.18534482758620685
SA00221,2024-03-11,2024-03-01 00:00:00,Mediterranean,Riviera Grand Voyage,Yacht,116.0,1392.0,1224.0,1445965.2799999998,4,0.8793103448275862,0.12068965517241381
SA00223,2024-04-12,2024-04-01 00:00:00,Caribbean,Antilles Luxury Crossing,Yacht,116.0,1160.0,1040.0,995682.6300000001,5,0.896551724137931,0.10344827586206895
SA00224,2024-04-28,2024-04-01 00:00:00,Caribbean,Antilles Luxury Crossing,Yacht,116.0,1160.0,900.0,828241.5399999999,0,0.7758620689655172,0.22413793103448276
SA00369,2024-01-26,2024-01-01 00:00:00,Caribbean,Leeward Islands Retreat,Expedition,158.0,1106.0,812.0,660316.39,3,0.7341772151898734,0.26582278481012656
SA00371,2024-02-22,2024-02-01 00:00:00,Asia Pacific,Japan and Korea Discovery,Expedition,158.0,2212.0,1652.0,1719657.4099999997,7,0.7468354430379747,0.25316455696202533
SA00377,2024-05-13,2024-05-01 00:00:00,Mediterranean,Riviera Grand Voyage,Expedition,158.0,1896.0,1164.0,1237455.87,7,0.6139240506329114,0.38607594936708856
SA00384,2024-08-14,2024-08-01 00:00:00,Northern Europe,Baltic Capitals,Expedition,158.0,1738.0,913.0,843640.05,3,0.5253164556962026,0.47468354430379744
SA00396,2025-02-06,2025-02-01 00:00:00,Asia Pacific,Japan and Korea Discovery,Expedition,158.0,2212.0,1596.0,1617020.3899999997,5,0.7215189873417721,0.2784810126582279
SA00400,2025-04-06,2025-04-01 00:00:00,Mediterranean,Greek Isles and Amalfi,Expedition,158.0,1106.0,1015.0,992940.0900000001,4,0.9177215189873418,0.08227848101265822
SA00401,2025-04-16,2025-04-01 00:00:00,Caribbean,Leeward Islands Retreat,Expedition,158.0,1106.0,770.0,654609.6600000001,6,0.6962025316455697,0.30379746835443033
SA00402,2025-04-26,2025-04-01 00:00:00,Northern Europe,Baltic Capitals,Expedition,158.0,1738.0,1111.0,997011.4900000002,2,0.6392405063291139,0.3607594936708861
SA00409,2025-07-31,2025-07-01 00:00:00,Alaska,Glaciers and Fjords,Expedition,158.0,1422.0,810.0,778358.28,2,0.569620253164557,0.430379746835443
SA00410,2025-08-12,2025-08-01 00:00:00,Asia Pacific,Japan and Korea Discovery,Expedition,158.0,2212.0,1666.0,1748299.0699999998,3,0.7531645569620253,0.24683544303797467
SA00412,2025-09-10,2025-09-01 00:00:00,Asia Pacific,Japan and Korea Discovery,Expedition,158.0,2212.0,1246.0,1300724.4499999997,1,0.5632911392405063,0.43670886075949367
SA00413,2025-09-27,2025-09-01 00:00:00,Mediterranean,Greek Isles and Amalfi,Expedition,158.0,1106.0,980.0,970898.9300000004,4,0.8860759493670886,0.11392405063291144
SA00416,2025-11-02,2025-11-01 00:00:00,Caribbean,Leeward Islands Retreat,Expedition,158.0,1106.0,994.0,811389.0,4,0.8987341772151899,0.10126582278481011
SA00425,2026-03-25,2026-03-01 00:00:00,Northern Europe,Baltic Capitals,Expedition,158.0,1738.0,858.0,767189.8600000002,5,0.4936708860759494,0.5063291139240507
SA00432,2026-07-12,2026-07-01 00:00:00,Caribbean,Antilles Luxury Crossing,Expedition,158.0,1580.0,1120.0,932329.07,4,0.7088607594936709,0.2911392405063291
SA00435,2026-08-22,2026-08-01 00:00:00,European Rivers,Danube Culinary Sail,Expedition,158.0,1264.0,704.0,597771.72,1,0.5569620253164557,0.44303797468354433
SA00437,2026-09-17,2026-09-01 00:00:00,Alaska,Glaciers and Fjords,Expedition,158.0,1422.0,891.0,808341.9,3,0.6265822784810127,0.37341772151898733
SA00441,2026-11-12,2026-11-01 00:00:00,Asia Pacific,Japan and Korea Discovery,Expedition,158.0,2212.0,1400.0,1405410.1600000001,3,0.6329113924050633,0.36708860759493667
SA00232,2024-08-19,2024-08-01 00:00:00,Mediterranean,Greek Isles and Amalfi,Yacht,116.0,812.0,735.0,804578.4100000001,1,0.9051724137931034,0.09482758620689657
SA00248,2025-04-02,2025-04-01 00:00:00,Caribbean,Antilles Luxury Crossing,Yacht,116.0,1160.0,560.0,527690.9600000001,3,0.4827586206896552,0.5172413793103448
SA00261,2025-09-19,2025-09-01 00:00:00,Caribbean,Antilles Luxury Crossing,Yacht,116.0,1160.0,620.0,572261.0,3,0.5344827586206896,0.4655172413793104
SA00267,2025-12-06,2025-12-01 00:00:00,Mediterranean,Riviera Grand Voyage,Yacht,116.0,1392.0,1260.0,1499157.2399999998,2,0.9051724137931034,0.09482758620689657
SA00273,2026-03-15,2026-03-01 00:00:00,Caribbean,Antilles Luxury Crossing,Yacht,116.0,1160.0,760.0,687319.02,6,0.6551724137931034,0.3448275862068966
SA00274,2026-03-30,2026-03-01 00:00:00,Mediterranean,Greek Isles and Amalfi,Yacht,116.0,812.0,763.0,830975.6100000003,2,0.9396551724137931,0.06034482758620685
SA00283,2026-08-10,2026-08-01 00:00:00,Mediterranean,Riviera Grand Voyage,Yacht,116.0,1392.0,1092.0,1321166.1700000004,10,0.7844827586206896,0.2155172413793104
SA00287,2026-10-06,2026-10-01 00:00:00,Caribbean,Leeward Islands Retreat,Yacht,116.0,812.0,609.0,549546.89,2,0.75,0.25
SA00290,2026-11-19,2026-11-01 00:00:00,Mediterranean,Riviera Grand Voyage,Yacht,116.0,1392.0,816.0,971690.77,4,0.5862068965517241,0.4137931034482759
SA00291,2026-12-06,2026-12-01 00:00:00,Mediterranean,Greek Isles and Amalfi,Yacht,116.0,812.0,672.0,738881.2999999998,4,0.8275862068965517,0.1724137931034483
SA00294,2024-01-20,2024-01-01 00:00:00,Northern Europe,Baltic Capitals,River,128.0,1408.0,1155.0,864554.5999999999,2,0.8203125,0.1796875
SA00295,2024-02-06,2024-02-01 00:00:00,European Rivers,Danube Culinary Sail,River,128.0,1024.0,680.0,508950.76,2,0.6640625,0.3359375
SA00296,2024-02-20,2024-02-01 00:00:00,Northern Europe,Baltic Capitals,River,128.0,1408.0,704.0,532948.45,1,0.5,0.5
SA00322,2025-03-06,2025-03-01 00:00:00,European Rivers,Danube Culinary Sail,River,128.0,1024.0,688.0,515773.2100000001,5,0.671875,0.328125
SA00325,2025-04-21,2025-04-01 00:00:00,European Rivers,Danube Culinary Sail,River,128.0,1024.0,456.0,362074.14999999997,3,0.4453125,0.5546875
SA00326,2025-05-05,2025-05-01 00:00:00,Northern Europe,Baltic Capitals,River,128.0,1408.0,517.0,401396.53,3,0.3671875,0.6328125
SA00333,2025-08-14,2025-08-01 00:00:00,European Rivers,Danube Culinary Sail,River,128.0,1024.0,632.0,456511.19000000006,4,0.6171875,0.3828125
SA00349,2026-03-27,2026-03-01 00:00:00,Northern Europe,Baltic Capitals,River,128.0,1408.0,902.0,697743.79,0,0.640625,0.359375
SA00357,2026-07-25,2026-07-01 00:00:00,European Rivers,Danube Culinary Sail,River,128.0,1024.0,712.0,506246.8999999999,4,0.6953125,0.3046875
SA00363,2026-10-19,2026-10-01 00:00:00,Northern Europe,Baltic Capitals,River,128.0,1408.0,682.0,506246.51999999996,3,0.484375,0.515625
SA00006,2024-03-27,2024-03-01 00:00:00,Asia Pacific,Japan and Korea Discovery,Expedition,148.0,2072.0,1344.0,1341179.5200000003,3,0.6486486486486487,0.3513513513513513
SA00024,2024-12-14,2024-12-01 00:00:00,Northern Europe,Baltic Capitals,Expedition,148.0,1628.0,902.0,780374.18,1,0.5540540540540541,0.44594594594594594
SA00031,2025-03-28,2025-03-01 00:00:00,Asia Pacific,Japan and Korea Discovery,Expedition,148.0,2072.0,1246.0,1261610.37,5,0.6013513513513513,0.3986486486486487
SA00038,2025-07-18,2025-07-01 00:00:00,Caribbean,Antilles Luxury Crossing,Expedition,148.0,1480.0,1110.0,899507.0700000003,6,0.75,0.25
SA00054,2026-03-24,2026-03-01 00:00:00,Alaska,Glaciers and Fjords,Expedition,148.0,1332.0,1008.0,928572.3900000002,3,0.7567567567567568,0.2432432432432432
SA00066,2026-09-18,2026-09-01 00:00:00,Mediterranean,Riviera Grand Voyage,Expedition,148.0,1776.0,1536.0,1609871.7299999997,6,0.8648648648648649,0.1351351351351351
SA00067,2026-10-07,2026-10-01 00:00:00,Asia Pacific,Japan and Korea Discovery,Expedition,148.0,2072.0,1652.0,1669243.1700000002,2,0.7972972972972973,0.20270270270270274
SA00100,2025-03-19,2025-03-01 00:00:00,European Rivers,Danube Culinary Sail,Ocean,202.0,1616.0,1072.0,791909.0300000001,3,0.6633663366336634,0.3366336633663366
SA00106,2025-06-10,2025-06-01 00:00:00,Mediterranean,Riviera Grand Voyage,Ocean,202.0,2424.0,1788.0,1647041.71,11,0.7376237623762376,0.2623762376237624
SA00109,2025-07-29,2025-07-01 00:00:00,Mediterranean,Greek Isles and Amalfi,Ocean,202.0,1414.0,980.0,851980.96,6,0.693069306930693,0.306930693069307
SA00112,2025-09-10,2025-09-01 00:00:00,Asia Pacific,Japan and Korea Discovery,Ocean,202.0,2828.0,1778.0,1587363.73,7,0.6287128712871287,0.3712871287128713
SA00119,2025-12-27,2025-12-01 00:00:00,Caribbean,Antilles Luxury Crossing,Ocean,202.0,2020.0,1140.0,829534.8000000003,3,0.5643564356435643,0.4356435643564357
SA00130,2026-06-19,2026-06-01 00:00:00,Northern Europe,Baltic Capitals,Ocean,202.0,2222.0,1353.0,1063098.7599999998,2,0.6089108910891089,0.3910891089108911
SA00133,2026-08-06,2026-08-01 00:00:00,Mediterranean,Greek Isles and Amalfi,Ocean,202.0,1414.0,1176.0,1021111.22,5,0.8316831683168316,0.16831683168316836
SA00135,2026-09-04,2026-09-01 00:00:00,European Rivers,Danube Culinary Sail,Ocean,202.0,1616.0,1048.0,795731.8300000002,6,0.6485148514851485,0.35148514851485146
SA00145,2024-02-09,2024-02-01 00:00:00,Asia Pacific,Japan and Korea Discovery,Ocean,232.0,3248.0,1946.0,1732099.96,4,0.5991379310344828,0.40086206896551724
SA00172,2025-03-22,2025-03-01 00:00:00,Asia Pacific,Japan and Korea Discovery,Ocean,232.0,3248.0,2156.0,1933602.710000001,9,0.6637931034482759,0.3362068965517241
SA00182,2025-09-09,2025-09-01 00:00:00,European Rivers,Danube Culinary Sail,Ocean,232.0,1856.0,1080.0,808138.86,5,0.5818965517241379,0.4181034482758621
SA00210,2026-10-06,2026-10-01 00:00:00,Caribbean,Leeward Islands Retreat,Ocean,232.0,1624.0,1120.0,766117.8,3,0.6896551724137931,0.31034482758620685
SA00214,2026-12-07,2026-12-01 00:00:00,European Rivers,Danube Culinary Sail,Ocean,232.0,1856.0,1096.0,800627.1200000001,6,0.5905172413793104,0.4094827586206896
SA00215,2026-12-18,2026-12-01 00:00:00,Caribbean,Leeward Islands Retreat,Ocean,232.0,1624.0,1008.0,728052.5399999998,12,0.6206896551724138,0.3793103448275862
SA00220,2024-02-28,2024-02-01 00:00:00,Caribbean,Leeward Islands Retreat,Yacht,116.0,812.0,469.0,416065.05,2,0.5775862068965517,0.4224137931034483
SA00225,2024-05-12,2024-05-01 00:00:00,Mediterranean,Greek Isles and Amalfi,Yacht,116.0,812.0,679.0,759250.54,8,0.8362068965517241,0.1637931034482759
SA00365,2026-11-20,2026-11-01 00:00:00,European Rivers,Danube Culinary Sail,River,128.0,1024.0,696.0,489651.84,3,0.6796875,0.3203125
SA00385,2024-09-01,2024-09-01 00:00:00,Mediterranean,Greek Isles and Amalfi,Expedition,158.0,1106.0,917.0,899379.1700000002,4,0.8291139240506329,0.1708860759493671
SA00390,2024-11-11,2024-11-01 00:00:00,Alaska,Glaciers and Fjords,Expedition,158.0,1422.0,1125.0,1038361.6799999998,1,0.7911392405063291,0.2088607594936709
SA00391,2024-11-23,2024-11-01 00:00:00,Caribbean,Antilles Luxury Crossing,Expedition,158.0,1580.0,1200.0,1034846.6300000001,2,0.759493670886076,0.240506329113924
SA00394,2025-01-06,2025-01-01 00:00:00,Alaska,Glaciers and Fjords,Expedition,158.0,1422.0,1053.0,995276.1400000001,5,0.740506329113924,0.259493670886076
SA00395,2025-01-18,2025-01-01 00:00:00,Mediterranean,Riviera Grand Voyage,Expedition,158.0,1896.0,1464.0,1563053.81,11,0.7721518987341772,0.22784810126582278
SA00414,2025-10-10,2025-10-01 00:00:00,Caribbean,Leeward Islands Retreat,Expedition,158.0,1106.0,840.0,684754.01,5,0.759493670886076,0.240506329113924
SA00421,2026-01-18,2026-01-01 00:00:00,Mediterranean,Riviera Grand Voyage,Expedition,158.0,1896.0,1656.0,1770945.0700000005,5,0.8734177215189873,0.12658227848101267
SA00431,2026-06-23,2026-06-01 00:00:00,Asia Pacific,Japan and Korea Discovery,Expedition,158.0,2212.0,1456.0,1505861.0399999996,3,0.6582278481012658,0.3417721518987342
SA00233,2024-09-02,2024-09-01 00:00:00,Mediterranean,Greek Isles and Amalfi,Yacht,116.0,812.0,525.0,567228.3199999998,4,0.646551724137931,0.35344827586206895
SA00239,2024-11-22,2024-11-01 00:00:00,Mediterranean,Greek Isles and Amalfi,Yacht,116.0,812.0,700.0,779202.28,4,0.8620689655172413,0.13793103448275867
SA00242,2024-12-27,2024-12-01 00:00:00,Caribbean,Antilles Luxury Crossing,Yacht,116.0,1160.0,930.0,882853.99,6,0.8017241379310345,0.19827586206896552
SA00243,2025-01-13,2025-01-01 00:00:00,Mediterranean,Greek Isles and Amalfi,Yacht,116.0,812.0,742.0,797808.2999999999,1,0.9137931034482759,0.08620689655172409
SA00254,2025-06-15,2025-06-01 00:00:00,Mediterranean,Greek Isles and Amalfi,Yacht,116.0,812.0,756.0,851803.7400000001,4,0.9310344827586207,0.06896551724137934
SA00278,2026-05-31,2026-05-01 00:00:00,Caribbean,Leeward Islands Retreat,Yacht,116.0,812.0,427.0,393220.62999999995,8,0.5258620689655172,0.47413793103448276
SA00304,2024-06-13,2024-06-01 00:00:00,Northern Europe,Baltic Capitals,River,128.0,1408.0,902.0,706866.4399999997,5,0.640625,0.359375
SA00306,2024-07-15,2024-07-01 00:00:00,European Rivers,Danube Culinary Sail,River,128.0,1024.0,784.0,558351.6100000001,3,0.765625,0.234375
SA00310,2024-09-09,2024-09-01 00:00:00,Northern Europe,Baltic Capitals,River,128.0,1408.0,715.0,577279.07,5,0.5078125,0.4921875
SA00311,2024-09-23,2024-09-01 00:00:00,European Rivers,Danube Culinary Sail,River,128.0,1024.0,688.0,511445.55999999994,4,0.671875,0.328125
SA00312,2024-10-07,2024-10-01 00:00:00,European Rivers,Danube Culinary Sail,River,128.0,1024.0,728.0,545308.84,4,0.7109375,0.2890625
SA00314,2024-11-09,2024-11-01 00:00:00,Northern Europe,Baltic Capitals,River,128.0,1408.0,726.0,580285.3499999999,2,0.515625,0.484375
SA00320,2025-02-06,2025-02-01 00:00:00,European Rivers,Danube Culinary Sail,River,128.0,1024.0,624.0,448438.13999999984,5,0.609375,0.390625
SA00323,2025-03-17,2025-03-01 00:00:00,Northern Europe,Baltic Capitals,River,128.0,1408.0,759.0,619677.55,2,0.5390625,0.4609375
SA00005,2024-03-13,2024-03-01 00:00:00,Alaska,Glaciers and Fjords,Expedition,148.0,1332.0,1080.0,983139.1599999999,6,0.8108108108108109,0.18918918918918914
SA00008,2024-04-29,2024-04-01 00:00:00,European Rivers,Danube Culinary Sail,Expedition,148.0,1184.0,896.0,751437.02,2,0.7567567567567568,0.2432432432432432
SA00013,2024-07-12,2024-07-01 00:00:00,Northern Europe,Baltic Capitals,Expedition,148.0,1628.0,649.0,597720.5,2,0.39864864864864863,0.6013513513513513
SA00015,2024-08-14,2024-08-01 00:00:00,Caribbean,Antilles Luxury Crossing,Expedition,148.0,1480.0,1080.0,888875.8999999999,4,0.7297297297297297,0.2702702702702703
SA00029,2025-02-25,2025-02-01 00:00:00,Caribbean,Antilles Luxury Crossing,Expedition,148.0,1480.0,1030.0,859961.1999999998,10,0.6959459459459459,0.30405405405405406
SA00040,2025-08-24,2025-08-01 00:00:00,Mediterranean,Greek Isles and Amalfi,Expedition,148.0,1036.0,784.0,771038.0800000002,2,0.7567567567567568,0.2432432432432432
SA00045,2025-11-03,2025-11-01 00:00:00,Mediterranean,Riviera Grand Voyage,Expedition,148.0,1776.0,1476.0,1551812.6699999995,5,0.831081081081081,0.16891891891891897
SA00048,2025-12-20,2025-12-01 00:00:00,Mediterranean,Riviera Grand Voyage,Expedition,148.0,1776.0,1596.0,1658440.2400000005,3,0.8986486486486487,0.10135135135135132
SA00053,2026-03-05,2026-03-01 00:00:00,Mediterranean,Riviera Grand Voyage,Expedition,148.0,1776.0,1404.0,1442647.9000000001,3,0.7905405405405406,0.20945945945945943
SA00058,2026-05-26,2026-05-01 00:00:00,Mediterranean,Riviera Grand Voyage,Expedition,148.0,1776.0,1152.0,1230224.96,4,0.6486486486486487,0.3513513513513513
SA00091,2024-11-04,2024-11-01 00:00:00,Caribbean,Antilles Luxury Crossing,Ocean,202.0,2020.0,1160.0,855892.48,10,0.5742574257425742,0.4257425742574258
SA00107,2025-06-29,2025-06-01 00:00:00,Mediterranean,Riviera Grand Voyage,Ocean,202.0,2424.0,1968.0,1765613.6999999993,8,0.8118811881188119,0.18811881188118806
SA00113,2025-09-30,2025-09-01 00:00:00,Caribbean,Antilles Luxury Crossing,Ocean,202.0,2020.0,1420.0,1074554.1800000002,7,0.7029702970297029,0.29702970297029707
SA00114,2025-10-15,2025-10-01 00:00:00,Asia Pacific,Japan and Korea Discovery,Ocean,202.0,2828.0,1484.0,1312506.1300000004,2,0.5247524752475248,0.4752475247524752
SA00169,2025-02-08,2025-02-01 00:00:00,European Rivers,Danube Culinary Sail,Ocean,232.0,1856.0,1032.0,730367.7399999999,5,0.5560344827586207,0.44396551724137934
SA00178,2025-07-09,2025-07-01 00:00:00,Mediterranean,Riviera Grand Voyage,Ocean,232.0,2784.0,2208.0,1999876.3,8,0.7931034482758621,0.2068965517241379
SA00181,2025-08-27,2025-08-01 00:00:00,European Rivers,Danube Culinary Sail,Ocean,232.0,1856.0,1208.0,902981.2399999996,9,0.6508620689655172,0.34913793103448276
SA00189,2025-12-15,2025-12-01 00:00:00,Caribbean,Leeward Islands Retreat,Ocean,232.0,1624.0,980.0,660265.85,8,0.603448275862069,0.39655172413793105
SA00201,2026-06-04,2026-06-01 00:00:00,Caribbean,Antilles Luxury Crossing,Ocean,232.0,2320.0,1590.0,1132044.9499999997,9,0.6853448275862069,0.31465517241379315
SA00219,2024-02-15,2024-02-01 00:00:00,Caribbean,Leeward Islands Retreat,Yacht,116.0,812.0,651.0,568166.76,2,0.8017241379310345,0.19827586206896552
SA00226,2024-05-25,2024-05-01 00:00:00,Caribbean,Leeward Islands Retreat,Yacht,116.0,812.0,518.0,486713.66000000003,5,0.6379310344827587,0.3620689655172413
SA00228,2024-06-20,2024-06-01 00:00:00,Caribbean,Antilles Luxury Crossing,Yacht,116.0,1160.0,810.0,748254.8200000001,3,0.6982758620689655,0.3017241379310345
SA00367,2026-12-13,2026-12-01 00:00:00,Northern Europe,Baltic Capitals,River,128.0,1408.0,715.0,557548.8500000001,5,0.5078125,0.4921875
SA00373,2024-03-24,2024-03-01 00:00:00,Mediterranean,Greek Isles and Amalfi,Expedition,158.0,1106.0,707.0,705847.76,8,0.6392405063291139,0.3607594936708861
SA00383,2024-08-01,2024-08-01 00:00:00,Alaska,Glaciers and Fjords,Expedition,158.0,1422.0,1233.0,1151533.71,6,0.8670886075949367,0.13291139240506333
SA00389,2024-10-26,2024-10-01 00:00:00,Northern Europe,Baltic Capitals,Expedition,158.0,1738.0,770.0,718910.9700000001,2,0.4430379746835443,0.5569620253164558
SA00392,2024-12-07,2024-12-01 00:00:00,Caribbean,Antilles Luxury Crossing,Expedition,158.0,1580.0,1250.0,1059987.3900000001,3,0.7911392405063291,0.2088607594936709
SA00398,2025-03-07,2025-03-01 00:00:00,Mediterranean,Greek Isles and Amalfi,Expedition,158.0,1106.0,861.0,833905.62,5,0.7784810126582279,0.2215189873417721
SA00404,2025-05-26,2025-05-01 00:00:00,European Rivers,Danube Culinary Sail,Expedition,158.0,1264.0,1048.0,917974.9599999997,2,0.8291139240506329,0.1708860759493671
SA00407,2025-06-30,2025-06-01 00:00:00,Asia Pacific,Japan and Korea Discovery,Expedition,158.0,2212.0,1344.0,1315883.7,5,0.6075949367088608,0.3924050632911392
SA00433,2026-07-26,2026-07-01 00:00:00,Caribbean,Antilles Luxury Crossing,Expedition,158.0,1580.0,1090.0,925122.12,3,0.689873417721519,0.310126582278481
SA00438,2026-10-02,2026-10-01 00:00:00,Caribbean,Antilles Luxury Crossing,Expedition,158.0,1580.0,1130.0,974138.2599999998,5,0.7151898734177216,0.28481012658227844
SA00439,2026-10-15,2026-10-01 00:00:00,Caribbean,Antilles Luxury Crossing,Expedition,158.0,1580.0,1150.0,985712.2399999999,7,0.7278481012658228,0.2721518987341772
SA00442,2026-11-29,2026-11-01 00:00:00,Caribbean,Leeward Islands Retreat,Expedition,158.0,1106.0,707.0,574801.9400000002,7,0.6392405063291139,0.3607594936708861
SA00234,2024-09-13,2024-09-01 00:00:00,Caribbean,Leeward Islands Retreat,Yacht,116.0,812.0,441.0,406096.79000000004,2,0.5431034482758621,0.4568965517241379
SA00249,2025-04-19,2025-04-01 00:00:00,Caribbean,Leeward Islands Retreat,Yacht,116.0,812.0,560.0,499192.44,0,0.6896551724137931,0.31034482758620685
SA00270,2026-01-23,2026-01-01 00:00:00,Mediterranean,Greek Isles and Amalfi,Yacht,116.0,812.0,721.0,761215.25,2,0.8879310344827587,0.11206896551724133
SA00292,2026-12-18,2026-12-01 00:00:00,Mediterranean,Greek Isles and Amalfi,Yacht,116.0,812.0,616.0,677246.9400000003,1,0.7586206896551724,0.24137931034482762
SA00300,2024-04-16,2024-04-01 00:00:00,European Rivers,Danube Culinary Sail,River,128.0,1024.0,608.0,442236.06000000006,3,0.59375,0.40625
SA00301,2024-04-27,2024-04-01 00:00:00,Northern Europe,Baltic Capitals,River,128.0,1408.0,858.0,666486.7400000001,2,0.609375,0.390625
SA00303,2024-05-30,2024-05-01 00:00:00,Northern Europe,Baltic Capitals,River,128.0,1408.0,638.0,490565.01999999996,1,0.453125,0.546875
SA00307,2024-07-30,2024-07-01 00:00:00,Northern Europe,Baltic Capitals,River,128.0,1408.0,902.0,686969.9400000001,3,0.640625,0.359375
SA00317,2024-12-19,2024-12-01 00:00:00,Northern Europe,Baltic Capitals,River,128.0,1408.0,968.0,740007.8699999999,5,0.6875,0.3125
SA00321,2025-02-20,2025-02-01 00:00:00,Northern Europe,Baltic Capitals,River,128.0,1408.0,968.0,746938.5099999999,3,0.6875,0.3125
SA00335,2025-09-07,2025-09-01 00:00:00,Northern Europe,Baltic Capitals,River,128.0,1408.0,671.0,517825.76,4,0.4765625,0.5234375
SA00341,2025-12-06,2025-12-01 00:00:00,Northern Europe,Baltic Capitals,River,128.0,1408.0,924.0,710099.5399999999,4,0.65625,0.34375
SA00347,2026-02-28,2026-02-01 00:00:00,European Rivers,Danube Culinary Sail,River,128.0,1024.0,648.0,482400.83999999997,1,0.6328125,0.3671875
SA00356,2026-07-13,2026-07-01 00:00:00,European Rivers,Danube Culinary Sail,River,128.0,1024.0,624.0,470351.23999999993,5,0.609375,0.390625
SA00009,2024-05-10,2024-05-01 00:00:00,Caribbean,Antilles Luxury Crossing,Expedition,148.0,1480.0,1080.0,875703.9400000001,7,0.7297297297297297,0.2702702702702703
SA00014,2024-07-30,2024-07-01 00:00:00,Mediterranean,Riviera Grand Voyage,Expedition,148.0,1776.0,1452.0,1509695.1699999997,2,0.8175675675675675,0.18243243243243246
SA00022,2024-11-14,2024-11-01 00:00:00,European Rivers,Danube Culinary Sail,Expedition,148.0,1184.0,656.0,508492.6900000001,3,0.5540540540540541,0.44594594594594594
SA00027,2025-01-22,2025-01-01 00:00:00,Asia Pacific,Japan and Korea Discovery,Expedition,148.0,2072.0,1358.0,1346695.9199999997,6,0.6554054054054054,0.3445945945945946
SA00032,2025-04-16,2025-04-01 00:00:00,Mediterranean,Greek Isles and Amalfi,Expedition,148.0,1036.0,826.0,817371.02,7,0.7972972972972973,0.20270270270270274
SA00034,2025-05-12,2025-05-01 00:00:00,Alaska,Glaciers and Fjords,Expedition,148.0,1332.0,981.0,913080.9900000001,4,0.7364864864864865,0.2635135135135135
SA00035,2025-05-25,2025-05-01 00:00:00,Asia Pacific,Japan and Korea Discovery,Expedition,148.0,2072.0,1008.0,1022475.3400000001,1,0.4864864864864865,0.5135135135135135
SA00060,2026-06-29,2026-06-01 00:00:00,Mediterranean,Greek Isles and Amalfi,Expedition,148.0,1036.0,917.0,880585.36,5,0.8851351351351351,0.11486486486486491
SA00061,2026-07-11,2026-07-01 00:00:00,Alaska,Glaciers and Fjords,Expedition,148.0,1332.0,936.0,868640.13,4,0.7027027027027027,0.29729729729729726
SA00064,2026-08-17,2026-08-01 00:00:00,Asia Pacific,Japan and Korea Discovery,Expedition,148.0,2072.0,980.0,1001737.9700000003,6,0.47297297297297297,0.527027027027027
SA00070,2026-11-25,2026-11-01 00:00:00,European Rivers,Danube Culinary Sail,Expedition,148.0,1184.0,496.0,433776.95,5,0.4189189189189189,0.5810810810810811
SA00071,2026-12-09,2026-12-01 00:00:00,Northern Europe,Baltic Capitals,Expedition,148.0,1628.0,814.0,682585.6300000001,1,0.5,0.5
SA00072,2024-01-07,2024-01-01 00:00:00,Caribbean,Antilles Luxury Crossing,Ocean,202.0,2020.0,1330.0,971222.1699999999,0,0.6584158415841584,0.34158415841584155
SA00076,2024-03-09,2024-03-01 00:00:00,Alaska,Glaciers and Fjords,Ocean,202.0,1818.0,1206.0,955107.5700000001,5,0.6633663366336634,0.3366336633663366
SA00083,2024-06-19,2024-06-01 00:00:00,Northern Europe,Baltic Capitals,Ocean,202.0,2222.0,1155.0,880375.0399999997,5,0.5198019801980198,0.4801980198019802
SA00086,2024-08-09,2024-08-01 00:00:00,Mediterranean,Riviera Grand Voyage,Ocean,202.0,2424.0,2028.0,1884133.2900000003,5,0.8366336633663366,0.1633663366336634
SA00092,2024-11-19,2024-11-01 00:00:00,Mediterranean,Riviera Grand Voyage,Ocean,202.0,2424.0,2112.0,2005529.9399999995,5,0.8712871287128713,0.12871287128712872
SA00096,2025-01-21,2025-01-01 00:00:00,Caribbean,Antilles Luxury Crossing,Ocean,202.0,2020.0,1360.0,1012119.0399999999,7,0.6732673267326733,0.3267326732673267
SA00101,2025-04-03,2025-04-01 00:00:00,Alaska,Glaciers and Fjords,Ocean,202.0,1818.0,1350.0,1116058.62,12,0.7425742574257426,0.25742574257425743
SA00108,2025-07-15,2025-07-01 00:00:00,Caribbean,Leeward Islands Retreat,Ocean,202.0,1414.0,917.0,675538.91,3,0.6485148514851485,0.35148514851485146
SA00118,2025-12-12,2025-12-01 00:00:00,European Rivers,Danube Culinary Sail,Ocean,202.0,1616.0,1016.0,766596.56,4,0.6287128712871287,0.3712871287128713
SA00134,2026-08-16,2026-08-01 00:00:00,Mediterranean,Riviera Grand Voyage,Ocean,202.0,2424.0,2040.0,1874199.3399999994,7,0.8415841584158416,0.15841584158415845
SA00141,2026-11-29,2026-11-01 00:00:00,Mediterranean,Riviera Grand Voyage,Ocean,202.0,2424.0,2064.0,1957432.7699999998,3,0.8514851485148515,0.14851485148514854
SA00144,2024-01-28,2024-01-01 00:00:00,Alaska,Glaciers and Fjords,Ocean,232.0,2088.0,1530.0,1215025.4200000004,7,0.7327586206896551,0.26724137931034486
SA00154,2024-07-03,2024-07-01 00:00:00,Alaska,Glaciers and Fjords,Ocean,232.0,2088.0,1593.0,1257218.560000001,6,0.7629310344827587,0.23706896551724133
SA00166,2025-01-02,2025-01-01 00:00:00,Mediterranean,Greek Isles and Amalfi,Ocean,232.0,1624.0,1239.0,1037598.4199999999,5,0.7629310344827587,0.23706896551724133
SA00170,2025-02-19,2025-02-01 00:00:00,European Rivers,Danube Culinary Sail,Ocean,232.0,1856.0,1080.0,773955.4099999999,12,0.5818965517241379,0.4181034482758621
SA00180,2025-08-09,2025-08-01 00:00:00,Mediterranean,Riviera Grand Voyage,Ocean,232.0,2784.0,2352.0,2124950.280000001,7,0.8448275862068966,0.15517241379310343
SA00196,2026-03-22,2026-03-01 00:00:00,Northern Europe,Baltic Capitals,Ocean,232.0,2552.0,1067.0,858413.2800000001,4,0.41810344827586204,0.5818965517241379
SA00198,2026-04-22,2026-04-01 00:00:00,Caribbean,Antilles Luxury Crossing,Ocean,232.0,2320.0,1520.0,1107509.02,5,0.6551724137931034,0.3448275862068966
SA00202,2026-06-19,2026-06-01 00:00:00,Mediterranean,Greek Isles and Amalfi,Ocean,232.0,1624.0,1155.0,942344.5000000002,1,0.7112068965517241,0.2887931034482759
SA00205,2026-07-25,2026-07-01 00:00:00,Mediterranean,Greek Isles and Amalfi,Ocean,232.0,1624.0,1183.0,992650.6200000003,6,0.728448275862069,0.27155172413793105
SA00206,2026-08-08,2026-08-01 00:00:00,Mediterranean,Greek Isles and Amalfi,Ocean,232.0,1624.0,1246.0,1033348.4600000002,4,0.7672413793103449,0.23275862068965514
SA00218,2024-01-30,2024-01-01 00:00:00,Mediterranean,Riviera Grand Voyage,Yacht,116.0,1392.0,1152.0,1371548.1599999997,1,0.8275862068965517,0.1724137931034483
SA00379,2024-06-12,2024-06-01 00:00:00,Caribbean,Leeward Islands Retreat,Expedition,158.0,1106.0,952.0,792460.2799999999,4,0.8607594936708861,0.1392405063291139
SA00399,2025-03-18,2025-03-01 00:00:00,Asia Pacific,Japan and Korea Discovery,Expedition,158.0,2212.0,1302.0,1283386.87,1,0.5886075949367089,0.4113924050632911
SA00417,2025-11-14,2025-11-01 00:00:00,Alaska,Glaciers and Fjords,Expedition,158.0,1422.0,936.0,864711.85,5,0.6582278481012658,0.3417721518987342
SA00422,2026-02-04,2026-02-01 00:00:00,European Rivers,Danube Culinary Sail,Expedition,158.0,1264.0,968.0,840444.8500000001,6,0.7658227848101266,0.23417721518987344
SA00427,2026-04-24,2026-04-01 00:00:00,Alaska,Glaciers and Fjords,Expedition,158.0,1422.0,1035.0,958280.8899999997,5,0.7278481012658228,0.2721518987341772
SA00429,2026-05-19,2026-05-01 00:00:00,Asia Pacific,Japan and Korea Discovery,Expedition,158.0,2212.0,1526.0,1535462.3300000003,1,0.689873417721519,0.310126582278481
SA00434,2026-08-11,2026-08-01 00:00:00,Mediterranean,Greek Isles and Amalfi,Expedition,158.0,1106.0,770.0,764902.2900000002,7,0.6962025316455697,0.30379746835443033
SA00235,2024-09-24,2024-09-01 00:00:00,Caribbean,Antilles Luxury Crossing,Yacht,116.0,1160.0,840.0,814722.1099999999,5,0.7241379310344828,0.27586206896551724
SA00236,2024-10-09,2024-10-01 00:00:00,Caribbean,Leeward Islands Retreat,Yacht,116.0,812.0,441.0,417354.81000000006,4,0.5431034482758621,0.4568965517241379
SA00255,2025-06-29,2025-06-01 00:00:00,Mediterranean,Greek Isles and Amalfi,Yacht,116.0,812.0,721.0,793674.3499999999,4,0.8879310344827587,0.11206896551724133
SA00257,2025-07-24,2025-07-01 00:00:00,Mediterranean,Riviera Grand Voyage,Yacht,116.0,1392.0,1260.0,1498887.24,4,0.9051724137931034,0.09482758620689657
SA00268,2025-12-25,2025-12-01 00:00:00,Mediterranean,Riviera Grand Voyage,Yacht,116.0,1392.0,996.0,1182116.7899999998,6,0.7155172413793104,0.2844827586206896
SA00272,2026-02-24,2026-02-01 00:00:00,Mediterranean,Riviera Grand Voyage,Yacht,116.0,1392.0,1188.0,1397556.58,4,0.853448275862069,0.14655172413793105
SA00280,2026-06-28,2026-06-01 00:00:00,Caribbean,Leeward Islands Retreat,Yacht,116.0,812.0,644.0,594439.41,2,0.7931034482758621,0.2068965517241379
SA00284,2026-08-29,2026-08-01 00:00:00,Caribbean,Leeward Islands Retreat,Yacht,116.0,812.0,511.0,442667.31000000006,2,0.6293103448275862,0.3706896551724138
SA00288,2026-10-18,2026-10-01 00:00:00,Mediterranean,Riviera Grand Voyage,Yacht,116.0,1392.0,1248.0,1491761.8800000001,3,0.896551724137931,0.10344827586206895
SA00309,2024-08-24,2024-08-01 00:00:00,Northern Europe,Baltic Capitals,River,128.0,1408.0,704.0,508224.86999999976,4,0.5,0.5
SA00315,2024-11-26,2024-11-01 00:00:00,European Rivers,Danube Culinary Sail,River,128.0,1024.0,608.0,462301.43999999994,2,0.59375,0.40625
SA00331,2025-07-16,2025-07-01 00:00:00,European Rivers,Danube Culinary Sail,River,128.0,1024.0,800.0,602359.53,2,0.78125,0.21875
SA00336,2025-09-22,2025-09-01 00:00:00,Northern Europe,Baltic Capitals,River,128.0,1408.0,770.0,575149.7000000002,3,0.546875,0.453125
SA00342,2025-12-21,2025-12-01 00:00:00,Northern Europe,Baltic Capitals,River,128.0,1408.0,649.0,490009.20999999985,5,0.4609375,0.5390625
SA00343,2026-01-05,2026-01-01 00:00:00,European Rivers,Danube Culinary Sail,River,128.0,1024.0,696.0,504371.92999999993,1,0.6796875,0.3203125
SA00346,2026-02-16,2026-02-01 00:00:00,European Rivers,Danube Culinary Sail,River,128.0,1024.0,744.0,544487.84,2,0.7265625,0.2734375
SA00358,2026-08-09,2026-08-01 00:00:00,Northern Europe,Baltic Capitals,River,128.0,1408.0,880.0,684817.84,4,0.625,0.375
SA00364,2026-11-05,2026-11-01 00:00:00,European Rivers,Danube Culinary Sail,River,128.0,1024.0,912.0,666193.7900000003,3,0.890625,0.109375
SA00011,2024-06-08,2024-06-01 00:00:00,Mediterranean,Riviera Grand Voyage,Expedition,148.0,1776.0,1548.0,1631494.2,4,0.8716216216216216,0.1283783783783784
SA00026,2025-01-10,2025-01-01 00:00:00,European Rivers,Danube Culinary Sail,Expedition,148.0,1184.0,744.0,655576.0300000001,8,0.6283783783783784,0.3716216216216216
SA00033,2025-04-27,2025-04-01 00:00:00,Northern Europe,Baltic Capitals,Expedition,148.0,1628.0,803.0,730225.58,2,0.49324324324324326,0.5067567567567568
SA00039,2025-08-03,2025-08-01 00:00:00,Asia Pacific,Japan and Korea Discovery,Expedition,148.0,2072.0,1218.0,1195098.9400000004,3,0.5878378378378378,0.41216216216216217
SA00044,2025-10-20,2025-10-01 00:00:00,European Rivers,Danube Culinary Sail,Expedition,148.0,1184.0,696.0,571395.86,5,0.5878378378378378,0.41216216216216217
SA00052,2026-02-20,2026-02-01 00:00:00,Caribbean,Antilles Luxury Crossing,Expedition,148.0,1480.0,1260.0,1045264.8599999996,5,0.8513513513513513,0.14864864864864868
SA00065,2026-09-06,2026-09-01 00:00:00,Caribbean,Leeward Islands Retreat,Expedition,148.0,1036.0,658.0,529130.0499999999,6,0.6351351351351351,0.3648648648648649
SA00068,2026-10-24,2026-10-01 00:00:00,Caribbean,Leeward Islands Retreat,Expedition,148.0,1036.0,686.0,548438.6499999999,7,0.6621621621621622,0.33783783783783783
SA00078,2024-04-05,2024-04-01 00:00:00,Alaska,Glaciers and Fjords,Ocean,202.0,1818.0,1260.0,1013018.5300000004,6,0.693069306930693,0.306930693069307
SA00082,2024-06-05,2024-06-01 00:00:00,Caribbean,Leeward Islands Retreat,Ocean,202.0,1414.0,980.0,698943.4400000001,2,0.693069306930693,0.306930693069307
SA00084,2024-07-04,2024-07-01 00:00:00,Mediterranean,Riviera Grand Voyage,Ocean,202.0,2424.0,1728.0,1583534.2999999996,6,0.7128712871287128,0.28712871287128716
SA00087,2024-08-27,2024-08-01 00:00:00,Asia Pacific,Japan and Korea Discovery,Ocean,202.0,2828.0,1918.0,1665395.38,5,0.6782178217821783,0.32178217821782173
SA00095,2025-01-09,2025-01-01 00:00:00,Alaska,Glaciers and Fjords,Ocean,202.0,1818.0,1413.0,1167737.2599999993,6,0.7772277227722773,0.22277227722772275
SA00103,2025-05-04,2025-05-01 00:00:00,Mediterranean,Riviera Grand Voyage,Ocean,202.0,2424.0,1584.0,1466355.1200000003,10,0.6534653465346535,0.3465346534653465
SA00111,2025-08-26,2025-08-01 00:00:00,Caribbean,Antilles Luxury Crossing,Ocean,202.0,2020.0,1550.0,1161599.4800000002,10,0.7673267326732673,0.23267326732673266
SA00117,2025-11-26,2025-11-01 00:00:00,Mediterranean,Riviera Grand Voyage,Ocean,202.0,2424.0,1728.0,1576616.1600000004,6,0.7128712871287128,0.28712871287128716
SA00122,2026-02-05,2026-02-01 00:00:00,Caribbean,Leeward Islands Retreat,Ocean,202.0,1414.0,945.0,678868.03,5,0.6683168316831684,0.33168316831683164
SA00126,2026-04-09,2026-04-01 00:00:00,Northern Europe,Baltic Capitals,Ocean,202.0,2222.0,1056.0,839385.3600000001,4,0.4752475247524752,0.5247524752475248
SA00128,2026-05-14,2026-05-01 00:00:00,Asia Pacific,Japan and Korea Discovery,Ocean,202.0,2828.0,1680.0,1504205.6,6,0.594059405940594,0.40594059405940597
SA00137,2026-10-03,2026-10-01 00:00:00,Caribbean,Leeward Islands Retreat,Ocean,202.0,1414.0,784.0,528297.84,3,0.5544554455445545,0.4455445544554455
SA00139,2026-11-02,2026-11-01 00:00:00,Alaska,Glaciers and Fjords,Ocean,202.0,1818.0,1404.0,1135248.2499999998,7,0.7722772277227723,0.2277227722772277
SA00151,2024-05-11,2024-05-01 00:00:00,Asia Pacific,Japan and Korea Discovery,Ocean,232.0,3248.0,2184.0,1893707.9500000002,3,0.6724137931034483,0.3275862068965517
SA00152,2024-05-29,2024-05-01 00:00:00,Asia Pacific,Japan and Korea Discovery,Ocean,232.0,3248.0,2170.0,1902439.7900000007,5,0.6681034482758621,0.3318965517241379
SA00155,2024-07-18,2024-07-01 00:00:00,Alaska,Glaciers and Fjords,Ocean,232.0,2088.0,1368.0,1059362.24,10,0.6551724137931034,0.3448275862068966
SA00156,2024-08-03,2024-08-01 00:00:00,Alaska,Glaciers and Fjords,Ocean,232.0,2088.0,1665.0,1317554.6599999995,8,0.7974137931034483,0.2025862068965517
SA00165,2024-12-18,2024-12-01 00:00:00,Mediterranean,Riviera Grand Voyage,Ocean,232.0,2784.0,2232.0,2030402.7399999995,3,0.8017241379310345,0.19827586206896552
SA00174,2025-04-29,2025-04-01 00:00:00,European Rivers,Danube Culinary Sail,Ocean,232.0,1856.0,1168.0,841116.82,6,0.6293103448275862,0.3706896551724138
SA00176,2025-05-29,2025-05-01 00:00:00,Asia Pacific,Japan and Korea Discovery,Ocean,232.0,3248.0,2030.0,1767189.5,1,0.625,0.375
SA00179,2025-07-26,2025-07-01 00:00:00,Northern Europe,Baltic Capitals,Ocean,232.0,2552.0,1265.0,958154.47,6,0.4956896551724138,0.5043103448275862
SA00186,2025-11-01,2025-11-01 00:00:00,Caribbean,Antilles Luxury Crossing,Ocean,232.0,2320.0,1570.0,1136374.3800000001,9,0.6767241379310345,0.3232758620689655
SA00194,2026-02-23,2026-02-01 00:00:00,Northern Europe,Baltic Capitals,Ocean,232.0,2552.0,1122.0,908177.2700000003,6,0.4396551724137931,0.5603448275862069
SA00203,2026-06-29,2026-06-01 00:00:00,Mediterranean,Greek Isles and Amalfi,Ocean,232.0,1624.0,1183.0,1013045.8300000001,10,0.728448275862069,0.27155172413793105
SA00222,2024-03-29,2024-03-01 00:00:00,Mediterranean,Greek Isles and Amalfi,Yacht,116.0,812.0,679.0,775211.9700000001,3,0.8362068965517241,0.1637931034482759
SA00227,2024-06-04,2024-06-01 00:00:00,Mediterranean,Riviera Grand Voyage,Yacht,116.0,1392.0,1140.0,1333299.75,4,0.8189655172413793,0.18103448275862066
SA00230,2024-07-21,2024-07-01 00:00:00,Mediterranean,Greek Isles and Amalfi,Yacht,116.0,812.0,637.0,683840.6200000001,3,0.7844827586206896,0.2155172413793104
SA00368,2024-01-12,2024-01-01 00:00:00,European Rivers,Danube Culinary Sail,Expedition,158.0,1264.0,752.0,651258.5700000001,3,0.5949367088607594,0.40506329113924056
SA00374,2024-04-04,2024-04-01 00:00:00,Mediterranean,Greek Isles and Amalfi,Expedition,158.0,1106.0,854.0,824601.3899999999,3,0.7721518987341772,0.22784810126582278
SA00375,2024-04-18,2024-04-01 00:00:00,Caribbean,Leeward Islands Retreat,Expedition,158.0,1106.0,623.0,507423.36,6,0.5632911392405063,0.43670886075949367
SA00378,2024-05-28,2024-05-01 00:00:00,European Rivers,Danube Culinary Sail,Expedition,158.0,1264.0,576.0,460816.1599999999,5,0.45569620253164556,0.5443037974683544
SA00380,2024-06-23,2024-06-01 00:00:00,Mediterranean,Greek Isles and Amalfi,Expedition,158.0,1106.0,952.0,939773.6099999999,4,0.8607594936708861,0.1392405063291139
SA00381,2024-07-06,2024-07-01 00:00:00,Caribbean,Antilles Luxury Crossing,Expedition,158.0,1580.0,1250.0,1092152.44,3,0.7911392405063291,0.2088607594936709
SA00403,2025-05-10,2025-05-01 00:00:00,Caribbean,Antilles Luxury Crossing,Expedition,158.0,1580.0,1020.0,838114.3,3,0.6455696202531646,0.35443037974683544
SA00405,2025-06-07,2025-06-01 00:00:00,Caribbean,Leeward Islands Retreat,Expedition,158.0,1106.0,651.0,516855.05,5,0.5886075949367089,0.4113924050632911
SA00418,2025-11-30,2025-11-01 00:00:00,Mediterranean,Riviera Grand Voyage,Expedition,158.0,1896.0,1464.0,1537208.2100000002,7,0.7721518987341772,0.22784810126582278
SA00430,2026-06-09,2026-06-01 00:00:00,Caribbean,Antilles Luxury Crossing,Expedition,158.0,1580.0,1380.0,1158415.3900000004,2,0.8734177215189873,0.12658227848101267
SA00440,2026-10-28,2026-10-01 00:00:00,Alaska,Glaciers and Fjords,Expedition,158.0,1422.0,918.0,861029.2400000001,2,0.6455696202531646,0.35443037974683544
SA00443,2026-12-12,2026-12-01 00:00:00,Asia Pacific,Japan and Korea Discovery,Expedition,158.0,2212.0,1162.0,1154257.1,3,0.5253164556962026,0.47468354430379744
