recognition_date,recognition_month,sailing_id,region,ship_class,recognized_revenue,cash_collected,refunds,cancellation_penalties,sold_passenger_nights,revenue_per_passenger_night
2024-06-04,2024-06-01 00:00:00,SA00010,European Rivers,Expedition,672391.6600000003,672391.6600000003,0.0,0.0,784.0,857.6424234693881
2024-07-23,2024-07-01 00:00:00,SA00013,Northern Europe,Expedition,597720.5,597720.5,0.0,0.0,649.0,920.9869029275809
2024-08-24,2024-08-01 00:00:00,SA00015,Caribbean,Expedition,888875.8999999999,888875.8999999999,0.0,0.0,1080.0,823.0332407407407
2025-04-23,2025-04-01 00:00:00,SA00032,Mediterranean,Expedition,817371.02,817371.02,0.0,0.0,826.0,989.5532929782082
2025-06-08,2025-06-01 00:00:00,SA00035,Asia Pacific,Expedition,1022475.3400000001,1022475.3400000001,0.0,0.0,1008.0,1014.3604563492064
2025-07-11,2025-07-01 00:00:00,SA00037,Asia Pacific,Expedition,1027044.91,1027044.91,0.0,0.0,1036.0,991.3560907335908
2025-07-28,2025-07-01 00:00:00,SA00038,Caribbean,Expedition,899507.0700000003,899507.0700000003,0.0,0.0,1110.0,810.36672972973
2025-04-12,2025-04-01 00:00:00,SA00248,Caribbean,Yacht,527690.9600000001,527690.9600000001,0.0,0.0,560.0,942.3052857142859
2025-08-20,2025-08-01 00:00:00,SA00258,Mediterranean,Yacht,1251111.45,1251111.4499999997,0.0,0.0,1044.0,1198.3826149425288
2024-07-11,2024-07-01 00:00:00,SA00305,Northern Europe,River,443727.19999999995,443727.19999999995,0.0,0.0,605.0,733.433388429752
2024-10-15,2024-10-01 00:00:00,SA00312,European Rivers,River,545308.84,545308.84,0.0,0.0,728.0,749.0506043956043
2024-11-02,2024-11-01 00:00:00,SA00313,Northern Europe,River,850477.6899999996,850477.6899999996,0.0,0.0,1111.0,765.5064716471644
2025-07-24,2025-07-01 00:00:00,SA00331,European Rivers,River,602359.53,602359.53,0.0,0.0,800.0,752.9494125
2025-09-18,2025-09-01 00:00:00,SA00335,Northern Europe,River,517825.76,517825.75999999995,0.0,0.0,671.0,771.7224441132638
2024-03-07,2024-03-01 00:00:00,SA00371,Asia Pacific,Expedition,1719657.4099999997,1719657.4099999997,0.0,0.0,1652.0,1040.9548486682806
2025-12-13,2025-12-01 00:00:00,SA00047,Caribbean,Expedition,533586.0499999999,533586.0499999999,0.0,0.0,679.0,785.8410162002945
2026-01-14,2026-01-01 00:00:00,SA00049,Caribbean,Expedition,766046.45,766046.45,0.0,0.0,910.0,841.8092857142857
2026-03-02,2026-03-01 00:00:00,SA00052,Caribbean,Expedition,1045264.8599999996,1045264.8599999996,0.0,0.0,1260.0,829.5752857142854
2024-03-05,2024-03-01 00:00:00,SA00075,Caribbean,Ocean,798343.0799999998,798343.0799999998,0.0,0.0,1085.0,735.8000737327187
2024-11-14,2024-11-01 00:00:00,SA00091,Caribbean,Ocean,855892.48,855892.48,0.0,0.0,1160.0,737.8383448275862
2025-03-12,2025-03-01 00:00:00,SA00099,Caribbean,Ocean,721240.1899999998,721240.1899999998,0.0,0.0,994.0,725.5937525150904
2025-10-29,2025-10-01 00:00:00,SA00114,Asia Pacific,Ocean,1312506.1300000004,1312506.1300000004,0.0,0.0,1484.0,884.438092991914
2026-02-12,2026-02-01 00:00:00,SA00122,Caribbean,Ocean,678868.03,678868.03,0.0,0.0,945.0,718.3788677248677
2026-03-21,2026-03-01 00:00:00,SA00124,Asia Pacific,Ocean,1547404.4800000002,1547404.4800000002,0.0,0.0,1750.0,884.2311314285715
2024-05-07,2024-05-01 00:00:00,SA00150,Northern Europe,Ocean,1350460.5299999998,1350460.5299999998,0.0,0.0,1760.0,767.3071193181817
2024-12-12,2024-12-01 00:00:00,SA00164,Mediterranean,Ocean,2132934.2999999993,2132934.2999999993,0.0,0.0,2340.0,911.5103846153843
2025-03-18,2025-03-01 00:00:00,SA00171,Mediterranean,Ocean,1883681.5600000005,1883681.5600000003,0.0,0.0,2124.0,886.8557250470813
2025-10-01,2025-10-01 00:00:00,SA00183,Alaska,Ocean,1167294.3599999999,1167294.3599999999,0.0,0.0,1485.0,786.056808080808
2025-12-22,2025-12-01 00:00:00,SA00189,Caribbean,Ocean,660265.85,660265.85,0.0,0.0,980.0,673.7406632653061
2026-05-14,2026-05-01 00:00:00,SA00199,European Rivers,Ocean,787205.2799999998,787205.2799999998,0.0,0.0,1056.0,745.4595454545453
2024-01-14,2024-01-01 00:00:00,SA00216,Mediterranean,Yacht,726010.21,726010.21,0.0,0.0,651.0,1115.2230568356374
2024-02-22,2024-02-01 00:00:00,SA00219,Caribbean,Yacht,568166.76,568166.76,0.0,0.0,651.0,872.76
2025-06-03,2025-06-01 00:00:00,SA00404,European Rivers,Expedition,917974.9599999997,917974.9599999997,0.0,0.0,1048.0,875.9303053435112
2025-07-24,2025-07-01 00:00:00,SA00408,Caribbean,Expedition,593121.13,593121.13,0.0,0.0,735.0,806.9675238095239
2025-08-09,2025-08-01 00:00:00,SA00409,Alaska,Expedition,778358.28,778358.28,0.0,0.0,810.0,960.9361481481482
2025-08-26,2025-08-01 00:00:00,SA00410,Asia Pacific,Expedition,1748299.0699999998,1748299.0699999998,0.0,0.0,1666.0,1049.3992016806721
2025-09-06,2025-09-01 00:00:00,SA00411,European Rivers,Expedition,650438.3299999998,650438.3299999998,0.0,0.0,776.0,838.193724226804
2026-01-13,2026-01-01 00:00:00,SA00420,Mediterranean,Expedition,1619619.6600000001,1619619.6600000001,0.0,0.0,1536.0,1054.4398828125002
2026-01-30,2026-01-01 00:00:00,SA00421,Mediterranean,Expedition,1770945.0700000005,1770945.0700000003,0.0,0.0,1656.0,1069.4112741545896
2024-04-26,2024-04-01 00:00:00,SA00007,Caribbean,Expedition,741961.03,741961.03,0.0,0.0,900.0,824.4011444444445
2025-01-04,2025-01-01 00:00:00,SA00025,Mediterranean,Expedition,889728.19,889728.1900000001,0.0,0.0,924.0,962.9092965367964
2025-03-07,2025-03-01 00:00:00,SA00029,Caribbean,Expedition,859961.1999999998,859961.1999999998,0.0,0.0,1030.0,834.9137864077668
2025-04-11,2025-04-01 00:00:00,SA00031,Asia Pacific,Expedition,1261610.37,1261610.37,0.0,0.0,1246.0,1012.5283868378813
2024-10-16,2024-10-01 00:00:00,SA00236,Caribbean,Yacht,417354.81000000006,417354.81000000006,0.0,0.0,441.0,946.3827891156463
2025-03-29,2025-03-01 00:00:00,SA00247,Mediterranean,Yacht,1367046.52,1367046.52,0.0,0.0,1140.0,1199.1636140350877
2025-05-18,2025-05-01 00:00:00,SA00251,Caribbean,Yacht,469980.02,469980.02,0.0,0.0,518.0,907.297335907336
2025-05-31,2025-05-01 00:00:00,SA00252,Caribbean,Yacht,783439.4499999998,783439.4499999998,0.0,0.0,820.0,955.4139634146339
2025-09-06,2025-09-01 00:00:00,SA00259,Caribbean,Yacht,971738.76,971738.76,0.0,0.0,1010.0,962.1175841584159
2025-10-14,2025-10-01 00:00:00,SA00262,Mediterranean,Yacht,1096681.59,1096681.59,0.0,0.0,960.0,1142.37665625
2026-01-06,2026-01-01 00:00:00,SA00268,Mediterranean,Yacht,1182116.7899999998,1182116.7899999998,0.0,0.0,996.0,1186.8642469879517
2026-03-08,2026-03-01 00:00:00,SA00272,Mediterranean,Yacht,1397556.58,1397556.58,0.0,0.0,1188.0,1176.3944276094276
2026-06-07,2026-06-01 00:00:00,SA00278,Caribbean,Yacht,393220.62999999995,393220.62999999995,0.0,0.0,427.0,920.8914051522247
2024-01-31,2024-01-01 00:00:00,SA00294,Northern Europe,River,864554.5999999999,864554.5999999999,0.0,0.0,1155.0,748.5321212121211
2024-02-14,2024-02-01 00:00:00,SA00295,European Rivers,River,508950.76,508950.76,0.0,0.0,680.0,748.457
2024-04-11,2024-04-01 00:00:00,SA00299,Northern Europe,River,454212.69000000006,454212.69000000006,0.0,0.0,572.0,794.0781293706294
2024-10-01,2024-10-01 00:00:00,SA00311,European Rivers,River,511445.55999999994,511445.55999999994,0.0,0.0,688.0,743.3801744186046
2024-12-15,2024-12-01 00:00:00,SA00316,European Rivers,River,563947.19,563947.19,0.0,0.0,768.0,734.3062369791666
2026-02-13,2026-02-01 00:00:00,SA00345,Northern Europe,River,587355.42,587355.42,0.0,0.0,748.0,785.2345187165776
2026-05-11,2026-05-01 00:00:00,SA00351,Northern Europe,River,552892.56,552892.56,0.0,0.0,671.0,823.9829508196722
2026-05-29,2026-05-01 00:00:00,SA00352,Northern Europe,River,446089.84,446089.84,0.0,0.0,594.0,750.9929966329967
2024-04-25,2024-04-01 00:00:00,SA00375,Caribbean,Expedition,507423.36,507423.36,0.0,0.0,623.0,814.4837239165329
2024-06-05,2024-06-01 00:00:00,SA00378,European Rivers,Expedition,460816.1599999999,460816.1599999999,0.0,0.0,576.0,800.0280555555554
2024-06-19,2024-06-01 00:00:00,SA00379,Caribbean,Expedition,792460.2799999999,792460.2799999999,0.0,0.0,952.0,832.4162605042015
2024-07-16,2024-07-01 00:00:00,SA00381,Caribbean,Expedition,1092152.44,1092152.44,0.0,0.0,1250.0,873.721952
2024-10-08,2024-10-01 00:00:00,SA00387,Northern Europe,Expedition,943276.42,943276.4199999999,0.0,0.0,1045.0,902.6568612440192
2024-10-20,2024-10-01 00:00:00,SA00388,Alaska,Expedition,932085.5,932085.5,0.0,0.0,1008.0,924.687996031746
2026-01-01,2026-01-01 00:00:00,SA00048,Mediterranean,Expedition,1658440.2400000005,1658440.2400000005,0.0,0.0,1596.0,1039.122957393484
2026-02-15,2026-02-01 00:00:00,SA00051,Mediterranean,Expedition,1632449.0199999996,1632449.0199999996,0.0,0.0,1584.0,1030.5865025252522
2024-04-14,2024-04-01 00:00:00,SA00078,Alaska,Ocean,1013018.5300000004,1013018.5300000004,0.0,0.0,1260.0,803.9829603174607
2024-04-26,2024-04-01 00:00:00,SA00079,Caribbean,Ocean,743189.49,743189.49,0.0,0.0,1043.0,712.5498465963567
2025-02-26,2025-02-01 00:00:00,SA00098,Alaska,Ocean,862979.8200000001,862979.8200000001,0.0,0.0,1071.0,805.7701400560225
2025-05-26,2025-05-01 00:00:00,SA00104,Mediterranean,Ocean,967862.4499999997,967862.4499999997,0.0,0.0,1134.0,853.4942239858904
2025-07-11,2025-07-01 00:00:00,SA00107,Mediterranean,Ocean,1765613.6999999993,1765613.6999999993,0.0,0.0,1968.0,897.1614329268289
2025-10-10,2025-10-01 00:00:00,SA00113,Caribbean,Ocean,1074554.1800000002,1074554.1800000002,0.0,0.0,1420.0,756.728295774648
2025-11-11,2025-11-01 00:00:00,SA00115,Mediterranean,Ocean,911441.26,911441.2599999998,0.0,0.0,1078.0,845.4928200371057
2026-04-06,2026-04-01 00:00:00,SA00125,Mediterranean,Ocean,1631330.76,1631330.76,0.0,0.0,1740.0,937.5464137931034
2026-05-07,2026-05-01 00:00:00,SA00127,Caribbean,Ocean,786038.38,786038.3800000001,0.0,0.0,1040.0,755.8061346153846
2024-02-06,2024-02-01 00:00:00,SA00144,Alaska,Ocean,1215025.4200000004,1215025.4200000004,0.0,0.0,1530.0,794.1342614379088
2024-03-08,2024-03-01 00:00:00,SA00146,Northern Europe,Ocean,1029137.6600000001,1029137.6600000001,0.0,0.0,1386.0,742.5235642135643
2024-07-12,2024-07-01 00:00:00,SA00154,Alaska,Ocean,1257218.560000001,1257218.560000001,0.0,0.0,1593.0,789.2144130571255
2024-11-11,2024-11-01 00:00:00,SA00162,Asia Pacific,Ocean,1982533.2700000005,1982533.2700000005,0.0,0.0,2268.0,874.1328350970019
2025-11-11,2025-11-01 00:00:00,SA00186,Caribbean,Ocean,1136374.3800000001,1136374.3800000001,0.0,0.0,1570.0,723.8053375796179
2026-04-17,2026-04-01 00:00:00,SA00197,Mediterranean,Ocean,1787239.8100000003,1787239.8100000003,0.0,0.0,1968.0,908.1503099593498
2025-05-20,2025-05-01 00:00:00,SA00403,Caribbean,Expedition,838114.3,838114.2999999999,0.0,0.0,1020.0,821.6806862745099
2026-02-12,2026-02-01 00:00:00,SA00422,European Rivers,Expedition,840444.8500000001,840444.8500000001,0.0,0.0,968.0,868.2281508264464
2026-05-03,2026-05-01 00:00:00,SA00427,Alaska,Expedition,958280.8899999997,958280.8899999997,0.0,0.0,1035.0,925.875256038647
2024-02-23,2024-02-01 00:00:00,SA00003,European Rivers,Expedition,624038.42,624038.4200000002,0.0,0.0,720.0,866.7200277777779
2025-02-05,2025-02-01 00:00:00,SA00027,Asia Pacific,Expedition,1346695.9199999997,1346695.9199999997,0.0,0.0,1358.0,991.6759351988215
2025-02-22,2025-02-01 00:00:00,SA00028,Northern Europe,Expedition,677316.3800000001,677316.3800000001,0.0,0.0,770.0,879.6316623376625
2024-07-28,2024-07-01 00:00:00,SA00230,Mediterranean,Yacht,683840.6200000001,683840.6200000001,0.0,0.0,637.0,1073.5331554160127
2024-08-13,2024-08-01 00:00:00,SA00231,Caribbean,Yacht,715415.1,715415.0999999999,0.0,0.0,780.0,917.1988461538461
2024-09-20,2024-09-01 00:00:00,SA00234,Caribbean,Yacht,406096.79000000004,406096.79000000004,0.0,0.0,441.0,920.8543990929707
2024-11-02,2024-11-01 00:00:00,SA00237,Mediterranean,Yacht,1378541.9399999997,1378541.9399999997,0.0,0.0,1164.0,1184.3143814432988
2025-01-06,2025-01-01 00:00:00,SA00242,Caribbean,Yacht,882853.99,882853.99,0.0,0.0,930.0,949.3053655913978
2025-03-12,2025-03-01 00:00:00,SA00246,Caribbean,Yacht,752303.2899999999,752303.2899999999,0.0,0.0,810.0,928.7694938271604
2025-07-06,2025-07-01 00:00:00,SA00255,Mediterranean,Yacht,793674.3499999999,793674.3499999999,0.0,0.0,721.0,1100.7966019417474
2025-12-02,2025-12-01 00:00:00,SA00266,Mediterranean,Yacht,679445.2700000001,679445.27,0.0,0.0,630.0,1078.4845555555557
2026-01-30,2026-01-01 00:00:00,SA00270,Mediterranean,Yacht,761215.25,761215.25,0.0,0.0,721.0,1055.7770457697643
2026-03-25,2026-03-01 00:00:00,SA00273,Caribbean,Yacht,687319.02,687319.02,0.0,0.0,760.0,904.3671315789474
2024-03-16,2024-03-01 00:00:00,SA00297,European Rivers,River,595923.1000000001,595923.1,0.0,0.0,832.0,716.2537259615385
2024-05-26,2024-05-01 00:00:00,SA00302,Northern Europe,River,531929.2299999997,531929.2299999999,0.0,0.0,682.0,779.9548826979468
2024-07-23,2024-07-01 00:00:00,SA00306,European Rivers,River,558351.6100000001,558351.6100000001,0.0,0.0,784.0,712.1831760204083
2024-12-30,2024-12-01 00:00:00,SA00317,Northern Europe,River,740007.8699999999,740007.8699999999,0.0,0.0,968.0,764.4709400826445
2025-03-03,2025-03-01 00:00:00,SA00321,Northern Europe,River,746938.5099999999,746938.5099999999,0.0,0.0,968.0,771.6306921487602
2025-03-14,2025-03-01 00:00:00,SA00322,European Rivers,River,515773.2100000001,515773.2100000001,0.0,0.0,688.0,749.6703633720931
2025-05-31,2025-05-01 00:00:00,SA00327,European Rivers,River,558050.3999999999,558050.3999999999,0.0,0.0,784.0,711.7989795918367
2025-08-09,2025-08-01 00:00:00,SA00332,Northern Europe,River,699574.9799999999,699574.9799999999,0.0,0.0,902.0,775.582017738359
2025-08-22,2025-08-01 00:00:00,SA00333,European Rivers,River,456511.19000000006,456511.19000000006,0.0,0.0,632.0,722.3278322784811
2025-10-03,2025-10-01 00:00:00,SA00336,Northern Europe,River,575149.7000000002,575149.7000000001,0.0,0.0,770.0,746.9476623376626
2026-01-01,2026-01-01 00:00:00,SA00342,Northern Europe,River,490009.20999999985,490009.20999999985,0.0,0.0,649.0,755.0218952234204
2026-03-20,2026-03-01 00:00:00,SA00348,European Rivers,River,494774.75999999995,494774.75999999995,0.0,0.0,688.0,719.1493604651162
2026-04-07,2026-04-01 00:00:00,SA00349,Northern Europe,River,697743.79,697743.79,0.0,0.0,902.0,773.5518736141908
2024-02-02,2024-02-01 00:00:00,SA00369,Caribbean,Expedition,660316.39,660316.39,0.0,0.0,812.0,813.1975246305419
2024-03-19,2024-03-01 00:00:00,SA00372,European Rivers,Expedition,607576.16,607576.16,0.0,0.0,720.0,843.8557777777778
2024-05-08,2024-05-01 00:00:00,SA00376,Caribbean,Expedition,787810.6799999996,787810.6799999997,0.0,0.0,900.0,875.3451999999995
2024-11-20,2024-11-01 00:00:00,SA00390,Alaska,Expedition,1038361.6799999998,1038361.6799999998,0.0,0.0,1125.0,922.9881599999999
2025-01-31,2025-01-01 00:00:00,SA00096,Caribbean,Ocean,1012119.0399999999,1012119.0399999999,0.0,0.0,1360.0,744.2051764705882
2025-08-05,2025-08-01 00:00:00,SA00109,Mediterranean,Ocean,851980.96,851980.96,0.0,0.0,980.0,869.3683265306122
2025-11-21,2025-11-01 00:00:00,SA00116,Caribbean,Ocean,700114.1300000001,700114.1300000001,0.0,0.0,1001.0,699.4147152847154
2026-03-02,2026-03-01 00:00:00,SA00123,Northern Europe,Ocean,980605.28,980605.2799999999,0.0,0.0,1177.0,833.139575191164
2024-02-23,2024-02-01 00:00:00,SA00145,Asia Pacific,Ocean,1732099.96,1732099.96,0.0,0.0,1946.0,890.0821993833505
2024-05-25,2024-05-01 00:00:00,SA00151,Asia Pacific,Ocean,1893707.9500000002,1893707.9500000002,0.0,0.0,2184.0,867.0823946886447
2024-09-11,2024-09-01 00:00:00,SA00158,Northern Europe,Ocean,1138903.2400000005,1138903.2400000005,0.0,0.0,1485.0,766.9382087542091
2024-10-24,2024-10-01 00:00:00,SA00161,Northern Europe,Ocean,975765.0199999998,975765.0199999998,0.0,0.0,1298.0,751.7450077041601
2026-05-02,2026-05-01 00:00:00,SA00198,Caribbean,Ocean,1107509.02,1107509.02,0.0,0.0,1520.0,728.6243552631579
2024-06-01,2024-06-01 00:00:00,SA00226,Caribbean,Yacht,486713.66000000003,486713.66000000003,0.0,0.0,518.0,939.6016602316603
2025-01-15,2025-01-01 00:00:00,SA00394,Alaska,Expedition,995276.1400000001,995276.1400000001,0.0,0.0,1053.0,945.1815194681863
2025-01-30,2025-01-01 00:00:00,SA00395,Mediterranean,Expedition,1563053.81,1563053.81,0.0,0.0,1464.0,1067.6597062841531
2025-06-14,2025-06-01 00:00:00,SA00405,Caribbean,Expedition,516855.05,516855.0500000001,0.0,0.0,651.0,793.9401689708142
2025-12-12,2025-12-01 00:00:00,SA00418,Mediterranean,Expedition,1537208.2100000002,1537208.21,0.0,0.0,1464.0,1050.0056079234973
2026-04-05,2026-04-01 00:00:00,SA00425,Northern Europe,Expedition,767189.8600000002,767189.8600000002,0.0,0.0,858.0,894.1606759906763
2026-04-17,2026-04-01 00:00:00,SA00426,Caribbean,Expedition,640755.6700000002,640755.6700000002,0.0,0.0,798.0,802.9519674185466
2024-02-08,2024-02-01 00:00:00,SA00002,Alaska,Expedition,1017865.2799999997,1017865.2799999998,0.0,0.0,1080.0,942.4678518518516
2024-06-20,2024-06-01 00:00:00,SA00011,Mediterranean,Expedition,1631494.2,1631494.2,0.0,0.0,1548.0,1053.9368217054264
2024-10-07,2024-10-01 00:00:00,SA00018,Alaska,Expedition,722501.4399999997,722501.4399999998,0.0,0.0,783.0,922.7349169859511
2025-05-21,2025-05-01 00:00:00,SA00034,Alaska,Expedition,913080.9900000001,913080.99,0.0,0.0,981.0,930.7655351681958
2025-06-21,2025-06-01 00:00:00,SA00036,Caribbean,Expedition,467399.86,467399.86,0.0,0.0,574.0,814.2854703832752
2024-12-21,2024-12-01 00:00:00,SA00241,Caribbean,Yacht,535990.0100000001,535990.0100000001,0.0,0.0,602.0,890.3488538205983
2025-11-20,2025-11-01 00:00:00,SA00265,Mediterranean,Yacht,850237.4400000001,850237.4400000001,0.0,0.0,770.0,1104.2044675324676
2026-02-17,2026-02-01 00:00:00,SA00271,Mediterranean,Yacht,1063474.9700000002,1063474.9700000002,0.0,0.0,936.0,1136.1912072649575
2024-03-02,2024-03-01 00:00:00,SA00296,Northern Europe,River,532948.45,532948.45,0.0,0.0,704.0,757.0290482954545
2024-06-24,2024-06-01 00:00:00,SA00304,Northern Europe,River,706866.4399999997,706866.4399999997,0.0,0.0,902.0,783.6656762749443
2025-04-15,2025-04-01 00:00:00,SA00324,Northern Europe,River,641293.22,641293.22,0.0,0.0,825.0,777.3251151515151
2025-06-26,2025-06-01 00:00:00,SA00329,European Rivers,River,388812.76,388812.76,0.0,0.0,560.0,694.3085
2025-07-11,2025-07-01 00:00:00,SA00330,Northern Europe,River,458330.98000000004,458330.9800000001,0.0,0.0,616.0,744.0437987012988
2025-12-17,2025-12-01 00:00:00,SA00341,Northern Europe,River,710099.5399999999,710099.5399999999,0.0,0.0,924.0,768.5059956709956
2024-08-25,2024-08-01 00:00:00,SA00384,Northern Europe,Expedition,843640.05,843640.05,0.0,0.0,913.0,924.0307228915664
2024-09-08,2024-09-01 00:00:00,SA00385,Mediterranean,Expedition,899379.1700000002,899379.1700000002,0.0,0.0,917.0,980.784263904035
2024-09-24,2024-09-01 00:00:00,SA00386,Caribbean,Expedition,928330.8099999996,928330.8099999996,0.0,0.0,1100.0,843.9370999999996
2024-12-17,2024-12-01 00:00:00,SA00392,Caribbean,Expedition,1059987.3900000001,1059987.39,0.0,0.0,1250.0,847.9899120000001
2025-09-29,2025-09-01 00:00:00,SA00042,Mediterranean,Expedition,1363236.7500000007,1363236.7500000007,0.0,0.0,1332.0,1023.451013513514
2024-03-18,2024-03-01 00:00:00,SA00076,Alaska,Ocean,955107.5700000001,955107.5700000002,0.0,0.0,1206.0,791.9631592039801
2024-06-30,2024-06-01 00:00:00,SA00083,Northern Europe,Ocean,880375.0399999997,880375.0399999997,0.0,0.0,1155.0,762.2294718614716
2024-07-16,2024-07-01 00:00:00,SA00084,Mediterranean,Ocean,1583534.2999999996,1583534.2999999996,0.0,0.0,1728.0,916.3971643518516
2024-10-09,2024-10-01 00:00:00,SA00089,Northern Europe,Ocean,742911.22,742911.22,0.0,0.0,946.0,785.3184143763214
2025-01-18,2025-01-01 00:00:00,SA00095,Alaska,Ocean,1167737.2599999993,1167737.2599999993,0.0,0.0,1413.0,826.4241047416839
2025-02-11,2025-02-01 00:00:00,SA00097,European Rivers,Ocean,622053.0899999999,622053.0899999999,0.0,0.0,880.0,706.8785113636362
2025-03-27,2025-03-01 00:00:00,SA00100,European Rivers,Ocean,791909.0300000001,791909.0300000001,0.0,0.0,1072.0,738.721110074627
2025-06-22,2025-06-01 00:00:00,SA00106,Mediterranean,Ocean,1647041.71,1647041.71,0.0,0.0,1788.0,921.1642673378076
2025-07-22,2025-07-01 00:00:00,SA00108,Caribbean,Ocean,675538.91,675538.91,0.0,0.0,917.0,736.6836532170121
2025-12-08,2025-12-01 00:00:00,SA00117,Mediterranean,Ocean,1576616.1600000004,1576616.1600000004,0.0,0.0,1728.0,912.3936111111113
2026-05-28,2026-05-01 00:00:00,SA00128,Asia Pacific,Ocean,1504205.6,1504205.6,0.0,0.0,1680.0,895.3604761904762
2024-01-22,2024-01-01 00:00:00,SA00143,Mediterranean,Ocean,1051423.3199999998,1051423.3199999998,0.0,0.0,1239.0,848.6063922518158
2024-06-26,2024-06-01 00:00:00,SA00153,Caribbean,Ocean,1089887.4200000004,1089887.4200000004,0.0,0.0,1470.0,741.4200136054425
2025-01-22,2025-01-01 00:00:00,SA00167,Mediterranean,Ocean,1189652.0599999996,1189652.0599999996,0.0,0.0,1421.0,837.1935679099223
2025-10-18,2025-10-01 00:00:00,SA00184,Northern Europe,Ocean,778334.2200000001,778334.2200000001,0.0,0.0,1001.0,777.5566633366634
2025-11-24,2025-11-01 00:00:00,SA00187,Caribbean,Ocean,897435.5999999999,897435.5999999999,0.0,0.0,1302.0,689.2746543778801
2026-03-19,2026-03-01 00:00:00,SA00195,Mediterranean,Ocean,1062014.51,1062014.51,0.0,0.0,1260.0,842.8686587301587
2024-02-11,2024-02-01 00:00:00,SA00218,Mediterranean,Yacht,1371548.1599999997,1371548.16,0.0,0.0,1152.0,1190.5799999999997
2024-03-06,2024-03-01 00:00:00,SA00220,Caribbean,Yacht,416065.05,416065.05,0.0,0.0,469.0,887.1323027718549
2024-05-08,2024-05-01 00:00:00,SA00224,Caribbean,Yacht,828241.5399999999,828241.5399999999,0.0,0.0,900.0,920.2683777777777
2025-04-23,2025-04-01 00:00:00,SA00401,Caribbean,Expedition,654609.6600000001,654609.6600000003,0.0,0.0,770.0,850.1424155844157
2025-09-24,2025-09-01 00:00:00,SA00412,Asia Pacific,Expedition,1300724.4499999997,1300724.4499999997,0.0,0.0,1246.0,1043.9201043338683
2024-01-24,2024-01-01 00:00:00,SA00001,Northern Europe,Expedition,769167.2500000001,769167.2500000001,0.0,0.0,825.0,932.3239393939396
2024-03-09,2024-03-01 00:00:00,SA00004,Caribbean,Expedition,938304.6799999999,938304.6799999998,0.0,0.0,1080.0,868.8006296296296
2024-05-20,2024-05-01 00:00:00,SA00009,Caribbean,Expedition,875703.9400000001,875703.9400000001,0.0,0.0,1080.0,810.8369814814815
2024-09-24,2024-09-01 00:00:00,SA00017,Northern Europe,Expedition,742062.1900000002,742062.1900000002,0.0,0.0,858.0,864.8743473193475
2024-10-19,2024-10-01 00:00:00,SA00019,Mediterranean,Expedition,727436.7499999997,727436.7499999998,0.0,0.0,763.0,953.3902359108777
2024-12-25,2024-12-01 00:00:00,SA00024,Northern Europe,Expedition,780374.18,780374.18,0.0,0.0,902.0,865.1598447893571
2025-01-18,2025-01-01 00:00:00,SA00026,European Rivers,Expedition,655576.0300000001,655576.03,0.0,0.0,744.0,881.1505779569894
2025-03-23,2025-03-01 00:00:00,SA00030,Alaska,Expedition,795969.5000000002,795969.5000000002,0.0,0.0,873.0,911.7634593356246
2025-08-17,2025-08-01 00:00:00,SA00039,Asia Pacific,Expedition,1195098.9400000004,1195098.9400000004,0.0,0.0,1218.0,981.1978160919543
2024-08-26,2024-08-01 00:00:00,SA00232,Mediterranean,Yacht,804578.4100000001,804578.4100000001,0.0,0.0,735.0,1094.6645034013607
2024-11-16,2024-11-01 00:00:00,SA00238,Caribbean,Yacht,705488.4900000001,705488.4900000001,0.0,0.0,730.0,966.422589041096
2024-12-10,2024-12-01 00:00:00,SA00240,Caribbean,Yacht,402333.49,402333.49,0.0,0.0,448.0,898.0658258928571
2026-01-20,2026-01-01 00:00:00,SA00269,Mediterranean,Yacht,510668.15,510668.15,0.0,0.0,504.0,1013.2304563492064
2026-04-06,2026-04-01 00:00:00,SA00274,Mediterranean,Yacht,830975.6100000003,830975.6100000003,0.0,0.0,763.0,1089.089921363041
2026-04-22,2026-04-01 00:00:00,SA00275,Mediterranean,Yacht,1377615.1299999997,1377615.1299999997,0.0,0.0,1188.0,1159.608695286195
2024-06-10,2024-06-01 00:00:00,SA00303,Northern Europe,River,490565.01999999996,490565.02,0.0,0.0,638.0,768.9106896551724
2024-09-20,2024-09-01 00:00:00,SA00310,Northern Europe,River,577279.07,577279.07,0.0,0.0,715.0,807.3833146853146
2024-11-20,2024-11-01 00:00:00,SA00314,Northern Europe,River,580285.3499999999,580285.3499999999,0.0,0.0,726.0,799.2911157024791
2025-01-30,2025-01-01 00:00:00,SA00319,European Rivers,River,578259.4199999999,578259.4199999999,0.0,0.0,776.0,745.1796649484535
2025-02-14,2025-02-01 00:00:00,SA00320,European Rivers,River,448438.13999999984,448438.13999999984,0.0,0.0,624.0,718.6508653846151
2025-11-30,2025-11-01 00:00:00,SA00340,Northern Europe,River,579911.48,579911.48,0.0,0.0,726.0,798.7761432506887
2026-01-13,2026-01-01 00:00:00,SA00343,European Rivers,River,504371.92999999993,504371.92999999993,0.0,0.0,696.0,724.6723132183907
2024-01-20,2024-01-01 00:00:00,SA00368,European Rivers,Expedition,651258.5700000001,651258.5700000001,0.0,0.0,752.0,866.0353324468086
2024-02-18,2024-02-01 00:00:00,SA00370,Alaska,Expedition,1178097.42,1178097.42,0.0,0.0,1269.0,928.3667612293143
2024-04-11,2024-04-01 00:00:00,SA00374,Mediterranean,Expedition,824601.3899999999,824601.3899999999,0.0,0.0,854.0,965.5753981264636
2024-05-25,2024-05-01 00:00:00,SA00377,Mediterranean,Expedition,1237455.87,1237455.87,0.0,0.0,1164.0,1063.1064175257734
2025-01-02,2025-01-01 00:00:00,SA00393,Caribbean,Expedition,943483.74,943483.74,0.0,0.0,1080.0,873.5960555555555
2025-11-15,2025-11-01 00:00:00,SA00045,Mediterranean,Expedition,1551812.6699999995,1551812.6699999997,0.0,0.0,1476.0,1051.3635975609752
2026-06-07,2026-06-01 00:00:00,SA00058,Mediterranean,Expedition,1230224.96,1230224.96,0.0,0.0,1152.0,1067.903611111111
2024-02-22,2024-02-01 00:00:00,SA00074,Caribbean,Ocean,801066.1099999998,801066.1099999999,0.0,0.0,1120.0,715.2375982142855
2024-06-01,2024-06-01 00:00:00,SA00081,Northern Europe,Ocean,858352.1100000002,858352.1100000002,0.0,0.0,1056.0,812.8334375000002
2024-08-02,2024-08-01 00:00:00,SA00085,Mediterranean,Ocean,1999498.169999999,1999498.169999999,0.0,0.0,2136.0,936.094648876404
2024-09-25,2024-09-01 00:00:00,SA00088,Northern Europe,Ocean,1064117.62,1064117.6199999999,0.0,0.0,1342.0,792.9341430700448
2026-01-22,2026-01-01 00:00:00,SA00120,Caribbean,Ocean,915972.11,915972.1099999999,0.0,0.0,1250.0,732.777688
2026-02-01,2026-02-01 00:00:00,SA00121,Mediterranean,Ocean,935150.5400000004,935150.5400000004,0.0,0.0,1106.0,845.5249005424959
2024-10-09,2024-10-01 00:00:00,SA00160,Caribbean,Ocean,762219.4699999996,762219.4699999996,0.0,0.0,1120.0,680.5530982142853
2024-11-24,2024-11-01 00:00:00,SA00163,Caribbean,Ocean,633802.0100000004,633802.0100000004,0.0,0.0,903.0,701.8848394241421
2025-01-09,2025-01-01 00:00:00,SA00166,Mediterranean,Ocean,1037598.4199999999,1037598.4199999999,0.0,0.0,1239.0,837.4482808716706
2025-02-05,2025-02-01 00:00:00,SA00168,Northern Europe,Ocean,892487.7699999999,892487.7699999999,0.0,0.0,1232.0,724.4218912337661
2025-06-12,2025-06-01 00:00:00,SA00176,Asia Pacific,Ocean,1767189.5,1767189.5,0.0,0.0,2030.0,870.5366995073891
2025-07-21,2025-07-01 00:00:00,SA00178,Mediterranean,Ocean,1999876.3,1999876.3,0.0,0.0,2208.0,905.7410778985508
2025-09-17,2025-09-01 00:00:00,SA00182,European Rivers,Ocean,808138.86,808138.8600000001,0.0,0.0,1080.0,748.2767222222222
2025-10-29,2025-10-01 00:00:00,SA00185,Caribbean,Ocean,810058.0500000002,810058.0500000002,0.0,0.0,1141.0,709.9544697633656
2026-03-06,2026-03-01 00:00:00,SA00194,Northern Europe,Ocean,908177.2700000003,908177.2700000001,0.0,0.0,1122.0,809.4271568627453
2024-04-22,2024-04-01 00:00:00,SA00223,Caribbean,Yacht,995682.6300000001,995682.6300000001,0.0,0.0,1040.0,957.3871442307693
2024-05-19,2024-05-01 00:00:00,SA00225,Mediterranean,Yacht,759250.54,759250.5399999999,0.0,0.0,679.0,1118.1893078055966
2025-03-14,2025-03-01 00:00:00,SA00398,Mediterranean,Expedition,833905.62,833905.62,0.0,0.0,861.0,968.5314982578398
2025-05-07,2025-05-01 00:00:00,SA00402,Northern Europe,Expedition,997011.4900000002,997011.4900000002,0.0,0.0,1111.0,897.400081008101
2025-10-04,2025-10-01 00:00:00,SA00413,Mediterranean,Expedition,970898.9300000004,970898.9300000004,0.0,0.0,980.0,990.7131938775515
2025-10-17,2025-10-01 00:00:00,SA00414,Caribbean,Expedition,684754.01,684754.01,0.0,0.0,840.0,815.1833452380953
2025-11-23,2025-11-01 00:00:00,SA00417,Alaska,Expedition,864711.85,864711.85,0.0,0.0,936.0,923.8374465811966
2026-05-16,2026-05-01 00:00:00,SA00428,Alaska,Expedition,1006541.54,1006541.5400000002,0.0,0.0,1089.0,924.2805693296602
2026-06-02,2026-06-01 00:00:00,SA00429,Asia Pacific,Expedition,1535462.3300000003,1535462.33,0.0,0.0,1526.0,1006.2007404980343
2024-05-07,2024-05-01 00:00:00,SA00008,European Rivers,Expedition,751437.02,751437.0200000001,0.0,0.0,896.0,838.6573883928571
2024-07-05,2024-07-01 00:00:00,SA00012,Alaska,Expedition,832854.4200000002,832854.4200000002,0.0,0.0,909.0,916.231485148515
2024-09-08,2024-09-01 00:00:00,SA00016,Alaska,Expedition,813722.6599999998,813722.6599999998,0.0,0.0,891.0,913.2689786756451
2025-08-31,2025-08-01 00:00:00,SA00040,Mediterranean,Expedition,771038.0800000002,771038.0800000002,0.0,0.0,784.0,983.4669387755105
2024-10-04,2024-10-01 00:00:00,SA00235,Caribbean,Yacht,814722.1099999999,814722.11,0.0,0.0,840.0,969.9072738095236
2025-01-20,2025-01-01 00:00:00,SA00243,Mediterranean,Yacht,797808.2999999999,797808.2999999999,0.0,0.0,742.0,1075.2133423180592
2025-06-12,2025-06-01 00:00:00,SA00253,Caribbean,Yacht,464330.89999999997,464330.89999999997,0.0,0.0,504.0,921.2914682539682
2025-07-19,2025-07-01 00:00:00,SA00256,Caribbean,Yacht,630730.2200000001,630730.2200000001,0.0,0.0,693.0,910.1446176046177
2025-12-18,2025-12-01 00:00:00,SA00267,Mediterranean,Yacht,1499157.2399999998,1499157.2399999998,0.0,0.0,1260.0,1189.8073333333332
2026-05-11,2026-05-01 00:00:00,SA00276,Mediterranean,Yacht,1061803.9500000002,1061803.9500000002,0.0,0.0,924.0,1149.1384740259741
2024-05-08,2024-05-01 00:00:00,SA00301,Northern Europe,River,666486.7400000001,666486.7400000001,0.0,0.0,858.0,776.7910722610724
2024-12-04,2024-12-01 00:00:00,SA00315,European Rivers,River,462301.43999999994,462301.43999999994,0.0,0.0,608.0,760.3642105263157
2025-03-28,2025-03-01 00:00:00,SA00323,Northern Europe,River,619677.55,619677.55,0.0,0.0,759.0,816.4394598155468
2025-04-29,2025-04-01 00:00:00,SA00325,European Rivers,River,362074.14999999997,362074.14999999997,0.0,0.0,456.0,794.0222587719297
2026-02-24,2026-02-01 00:00:00,SA00346,European Rivers,River,544487.84,544487.8400000001,0.0,0.0,744.0,731.8384946236558
2026-03-08,2026-03-01 00:00:00,SA00347,European Rivers,River,482400.83999999997,482400.83999999997,0.0,0.0,648.0,744.4457407407407
2026-04-23,2026-04-01 00:00:00,SA00350,Northern Europe,River,704076.63,704076.63,0.0,0.0,935.0,753.0231336898396
2026-06-10,2026-06-01 00:00:00,SA00353,European Rivers,River,533024.5700000001,533024.5700000001,0.0,0.0,688.0,774.7450145348838
2024-06-30,2024-06-01 00:00:00,SA00380,Mediterranean,Expedition,939773.6099999999,939773.6099999999,0.0,0.0,952.0,987.1571533613444
2024-07-29,2024-07-01 00:00:00,SA00382,European Rivers,Expedition,527597.5000000001,527597.5000000001,0.0,0.0,600.0,879.3291666666669
2024-11-06,2024-11-01 00:00:00,SA00389,Northern Europe,Expedition,718910.9700000001,718910.9700000001,0.0,0.0,770.0,933.6506103896105
2026-05-07,2026-05-01 00:00:00,SA00056,Northern Europe,Expedition,595055.31,595055.31,0.0,0.0,660.0,901.5989545454546
2026-05-19,2026-05-01 00:00:00,SA00057,Alaska,Expedition,634962.77,634962.77,0.0,0.0,711.0,893.055935302391
2024-02-05,2024-02-01 00:00:00,SA00073,Asia Pacific,Ocean,1335618.65,1335618.65,0.0,0.0,1512.0,883.345667989418
2024-09-10,2024-09-01 00:00:00,SA00087,Asia Pacific,Ocean,1665395.38,1665395.3800000001,0.0,0.0,1918.0,868.2979040667361
2025-04-12,2025-04-01 00:00:00,SA00101,Alaska,Ocean,1116058.62,1116058.62,0.0,0.0,1350.0,826.710088888889
2025-04-27,2025-04-01 00:00:00,SA00102,Caribbean,Ocean,1000659.71,1000659.71,0.0,0.0,1380.0,725.1157318840579
2024-07-27,2024-07-01 00:00:00,SA00155,Alaska,Ocean,1059362.24,1059362.2399999998,0.0,0.0,1368.0,774.3876023391813
2024-08-25,2024-08-01 00:00:00,SA00157,Caribbean,Ocean,964265.0799999997,964265.0799999998,0.0,0.0,1340.0,719.600805970149
2025-02-27,2025-02-01 00:00:00,SA00170,European Rivers,Ocean,773955.4099999999,773955.4099999999,0.0,0.0,1080.0,716.6253796296296
2025-04-05,2025-04-01 00:00:00,SA00172,Asia Pacific,Ocean,1933602.710000001,1933602.710000001,0.0,0.0,2156.0,896.8472680890542
2025-04-22,2025-04-01 00:00:00,SA00173,Northern Europe,Ocean,956345.7300000001,956345.73,0.0,0.0,1199.0,797.6194578815681
2025-07-03,2025-07-01 00:00:00,SA00177,Asia Pacific,Ocean,1718966.29,1718966.29,0.0,0.0,1960.0,877.0236173469387
2026-01-22,2026-01-01 00:00:00,SA00191,European Rivers,Ocean,950931.43,950931.43,0.0,0.0,1272.0,747.5876022012579
2024-03-23,2024-03-01 00:00:00,SA00221,Mediterranean,Yacht,1445965.2799999998,1445965.2799999998,0.0,0.0,1224.0,1181.3441830065358
2025-03-02,2025-03-01 00:00:00,SA00397,Mediterranean,Expedition,907304.3100000004,907304.3100000004,0.0,0.0,917.0,989.4267284623778
2025-04-13,2025-04-01 00:00:00,SA00400,Mediterranean,Expedition,992940.0900000001,992940.0900000001,0.0,0.0,1015.0,978.2660985221676
2025-07-14,2025-07-01 00:00:00,SA00407,Asia Pacific,Expedition,1315883.7,1315883.7000000002,0.0,0.0,1344.0,979.0801339285714
2026-03-19,2026-03-01 00:00:00,SA00424,Asia Pacific,Expedition,1387913.84,1387913.84,0.0,0.0,1330.0,1043.5442406015038
2024-03-22,2024-03-01 00:00:00,SA00005,Alaska,Expedition,983139.1599999999,983139.1599999999,0.0,0.0,1080.0,910.314037037037
2024-11-11,2024-11-01 00:00:00,SA00021,Alaska,Expedition,915360.41,915360.41,0.0,0.0,1008.0,908.0956448412699
2024-11-22,2024-11-01 00:00:00,SA00022,European Rivers,Expedition,508492.6900000001,508492.6900000001,0.0,0.0,656.0,775.1412957317075
2024-12-08,2024-12-01 00:00:00,SA00023,Alaska,Expedition,851832.4799999999,851832.4799999999,0.0,0.0,972.0,876.3708641975308
2025-09-12,2025-09-01 00:00:00,SA00041,Alaska,Expedition,825065.3300000001,825065.3300000001,0.0,0.0,864.0,954.9367245370371
2025-02-08,2025-02-01 00:00:00,SA00244,Mediterranean,Yacht,1271428.42,1271428.42,0.0,0.0,1116.0,1139.2727777777777
2025-08-05,2025-08-01 00:00:00,SA00257,Mediterranean,Yacht,1498887.24,1498887.24,0.0,0.0,1260.0,1189.5930476190476
2025-09-16,2025-09-01 00:00:00,SA00260,Caribbean,Yacht,499638.8400000001,499638.8400000001,0.0,0.0,560.0,892.2122142857145
2025-09-29,2025-09-01 00:00:00,SA00261,Caribbean,Yacht,572261.0,572261.0,0.0,0.0,620.0,923.0016129032258
2025-11-10,2025-11-01 00:00:00,SA00264,Caribbean,Yacht,497950.8599999999,497950.8599999999,0.0,0.0,518.0,961.2950965250964
2026-05-26,2026-05-01 00:00:00,SA00277,Caribbean,Yacht,779244.9700000003,779244.9700000003,0.0,0.0,830.0,938.8493614457835
2024-03-28,2024-03-01 00:00:00,SA00298,European Rivers,River,448523.94000000006,448523.94000000006,0.0,0.0,632.0,709.6897784810128
2024-04-24,2024-04-01 00:00:00,SA00300,European Rivers,River,442236.06000000006,442236.0600000001,0.0,0.0,608.0,727.3619407894738
2024-08-10,2024-08-01 00:00:00,SA00307,Northern Europe,River,686969.9400000001,686969.9400000001,0.0,0.0,902.0,761.6074722838138
2025-06-15,2025-06-01 00:00:00,SA00328,European Rivers,River,533363.82,533363.82,0.0,0.0,712.0,749.1064887640449
2025-09-02,2025-09-01 00:00:00,SA00334,European Rivers,River,505629.6300000002,505629.6300000002,0.0,0.0,696.0,726.4793534482761
2025-10-21,2025-10-01 00:00:00,SA00337,Northern Europe,River,648250.8099999999,648250.8099999999,0.0,0.0,869.0,745.9733141542001
2025-11-02,2025-11-01 00:00:00,SA00338,European Rivers,River,606841.0799999998,606841.0799999998,0.0,0.0,816.0,743.6777941176468
2026-01-27,2026-01-01 00:00:00,SA00344,Northern Europe,River,748977.2899999998,748977.2899999998,0.0,0.0,990.0,756.542717171717
2024-03-31,2024-03-01 00:00:00,SA00373,Mediterranean,Expedition,705847.76,705847.76,0.0,0.0,707.0,998.3702404526167
2024-12-03,2024-12-01 00:00:00,SA00391,Caribbean,Expedition,1034846.6300000001,1034846.6300000001,0.0,0.0,1200.0,862.3721916666668
2025-10-13,2025-10-01 00:00:00,SA00043,European Rivers,Expedition,660989.4,660989.4000000001,0.0,0.0,792.0,834.5825757575758
2025-10-28,2025-10-01 00:00:00,SA00044,European Rivers,Expedition,571395.86,571395.86,0.0,0.0,696.0,820.9710632183908
2025-11-29,2025-11-01 00:00:00,SA00046,Caribbean,Expedition,927522.3300000001,927522.3300000001,0.0,0.0,1120.0,828.1449375000001
2026-03-17,2026-03-01 00:00:00,SA00053,Mediterranean,Expedition,1442647.9000000001,1442647.9000000001,0.0,0.0,1404.0,1027.5269943019944
2026-04-02,2026-04-01 00:00:00,SA00054,Alaska,Expedition,928572.3900000002,928572.39,0.0,0.0,1008.0,921.2027678571432
2024-01-17,2024-01-01 00:00:00,SA00072,Caribbean,Ocean,971222.1699999999,971222.1699999999,0.0,0.0,1330.0,730.2422330827067
2024-05-15,2024-05-01 00:00:00,SA00080,Mediterranean,Ocean,1630764.8100000003,1630764.8100000003,0.0,0.0,1764.0,924.4698469387756
2024-06-12,2024-06-01 00:00:00,SA00082,Caribbean,Ocean,698943.4400000001,698943.4400000001,0.0,0.0,980.0,713.2075918367348
2024-08-21,2024-08-01 00:00:00,SA00086,Mediterranean,Ocean,1884133.2900000003,1884133.2900000003,0.0,0.0,2028.0,929.0598076923078
2024-12-01,2024-12-01 00:00:00,SA00092,Mediterranean,Ocean,2005529.9399999995,2005529.9399999995,0.0,0.0,2112.0,949.588039772727
2025-05-16,2025-05-01 00:00:00,SA00103,Mediterranean,Ocean,1466355.1200000003,1466355.1200000003,0.0,0.0,1584.0,925.7292424242427
2026-01-06,2026-01-01 00:00:00,SA00119,Caribbean,Ocean,829534.8000000003,829534.8000000003,0.0,0.0,1140.0,727.6621052631582
2024-03-23,2024-03-01 00:00:00,SA00147,Alaska,Ocean,1044511.8700000002,1044511.8700000002,0.0,0.0,1341.0,778.9051976137213
2024-04-04,2024-04-01 00:00:00,SA00148,Caribbean,Ocean,746252.1699999999,746252.1699999999,0.0,0.0,1092.0,683.381108058608
2024-04-23,2024-04-01 00:00:00,SA00149,Asia Pacific,Ocean,1837370.200000001,1837370.200000001,0.0,0.0,2156.0,852.212523191095
2024-06-12,2024-06-01 00:00:00,SA00152,Asia Pacific,Ocean,1902439.7900000007,1902439.7900000007,0.0,0.0,2170.0,876.7003640552999
2024-09-25,2024-09-01 00:00:00,SA00159,European Rivers,Ocean,863111.58,863111.58,0.0,0.0,1152.0,749.2288020833333
2025-05-23,2025-05-01 00:00:00,SA00175,Alaska,Ocean,1179776.88,1179776.88,0.0,0.0,1494.0,789.676626506024
2025-08-06,2025-08-01 00:00:00,SA00179,Northern Europe,Ocean,958154.47,958154.47,0.0,0.0,1265.0,757.4343636363636
2025-09-04,2025-09-01 00:00:00,SA00181,European Rivers,Ocean,902981.2399999996,902981.2399999996,0.0,0.0,1208.0,747.5010264900659
2026-02-02,2026-02-01 00:00:00,SA00192,Caribbean,Ocean,742012.1299999998,742012.1299999998,0.0,0.0,1064.0,697.3798214285712
2026-02-20,2026-02-01 00:00:00,SA00193,Northern Europe,Ocean,840872.15,840872.1499999999,0.0,0.0,1089.0,772.1507346189164
2026-06-14,2026-06-01 00:00:00,SA00201,Caribbean,Ocean,1132044.9499999997,1132044.9499999997,0.0,0.0,1590.0,711.9779559748426
2024-01-24,2024-01-01 00:00:00,SA00217,Caribbean,Yacht,450284.6800000001,450284.6800000001,0.0,0.0,504.0,893.4219841269844
2024-04-05,2024-04-01 00:00:00,SA00222,Mediterranean,Yacht,775211.9700000001,775211.9700000001,0.0,0.0,679.0,1141.6965684830634
2024-06-30,2024-06-01 00:00:00,SA00228,Caribbean,Yacht,748254.8200000001,748254.8200000001,0.0,0.0,810.0,923.7713827160495
2024-07-14,2024-07-01 00:00:00,SA00229,Caribbean,Yacht,776135.8900000001,776135.8900000001,0.0,0.0,810.0,958.1924567901236
2025-04-01,2025-04-01 00:00:00,SA00399,Asia Pacific,Expedition,1283386.87,1283386.87,0.0,0.0,1302.0,985.7042012288788
2025-06-25,2025-06-01 00:00:00,SA00406,Mediterranean,Expedition,862745.9899999996,862745.9899999996,0.0,0.0,917.0,940.8353217011992
2025-10-27,2025-10-01 00:00:00,SA00415,Mediterranean,Expedition,776916.4300000002,776916.4300000003,0.0,0.0,805.0,965.1135776397517
2026-02-26,2026-02-01 00:00:00,SA00423,Alaska,Expedition,893947.7299999999,893947.7299999999,0.0,0.0,954.0,937.0521278825994
2024-04-10,2024-04-01 00:00:00,SA00006,Asia Pacific,Expedition,1341179.5200000003,1341179.5200000003,0.0,0.0,1344.0,997.9014285714287
2024-08-11,2024-08-01 00:00:00,SA00014,Mediterranean,Expedition,1509695.1699999997,1509695.1699999997,0.0,0.0,1452.0,1039.734965564738
2024-10-29,2024-10-01 00:00:00,SA00020,Caribbean,Expedition,510245.23999999993,510245.24,0.0,0.0,630.0,809.9130793650793
2025-05-08,2025-05-01 00:00:00,SA00033,Northern Europe,Expedition,730225.58,730225.58,0.0,0.0,803.0,909.3718306351183
2024-09-09,2024-09-01 00:00:00,SA00233,Mediterranean,Yacht,567228.3199999998,567228.3199999998,0.0,0.0,525.0,1080.434895238095
2024-11-29,2024-11-01 00:00:00,SA00239,Mediterranean,Yacht,779202.28,779202.2800000001,0.0,0.0,700.0,1113.1461142857142
2025-02-25,2025-02-01 00:00:00,SA00245,Caribbean,Yacht,588154.35,588154.35,0.0,0.0,630.0,933.5783333333333
2025-04-26,2025-04-01 00:00:00,SA00249,Caribbean,Yacht,499192.44,499192.43999999994,0.0,0.0,560.0,891.4150714285714
2025-05-07,2025-05-01 00:00:00,SA00250,Caribbean,Yacht,446790.25,446790.25,0.0,0.0,490.0,911.8168367346939
2025-06-22,2025-06-01 00:00:00,SA00254,Mediterranean,Yacht,851803.7400000001,851803.7400000001,0.0,0.0,756.0,1126.724523809524
2025-10-29,2025-10-01 00:00:00,SA00263,Caribbean,Yacht,916887.4499999998,916887.4499999998,0.0,0.0,960.0,955.0910937499998
2024-01-16,2024-01-01 00:00:00,SA00293,European Rivers,River,444651.41000000003,444651.4099999999,0.0,0.0,624.0,712.5823878205128
2024-08-21,2024-08-01 00:00:00,SA00308,European Rivers,River,422994.41000000003,422994.41000000003,0.0,0.0,592.0,714.5175844594595
2024-09-04,2024-09-01 00:00:00,SA00309,Northern Europe,River,508224.86999999976,508224.8699999998,0.0,0.0,704.0,721.9103267045451
2025-01-16,2025-01-01 00:00:00,SA00318,Northern Europe,River,429270.68,429270.68,0.0,0.0,539.0,796.4205565862709
2025-05-16,2025-05-01 00:00:00,SA00326,Northern Europe,River,401396.53,401396.53,0.0,0.0,517.0,776.3956092843327
2025-11-16,2025-11-01 00:00:00,SA00339,Northern Europe,River,680178.2399999999,680178.2399999999,0.0,0.0,902.0,754.0778713968956
2024-08-10,2024-08-01 00:00:00,SA00383,Alaska,Expedition,1151533.71,1151533.71,0.0,0.0,1233.0,933.9283941605839
2026-01-31,2026-01-01 00:00:00,SA00050,Asia Pacific,Expedition,1644074.9599999993,1644074.9599999993,0.0,0.0,1582.0,1039.2382806573953
2026-04-20,2026-04-01 00:00:00,SA00055,Mediterranean,Expedition,1631184.5500000005,1631184.5500000005,0.0,0.0,1584.0,1029.7882260101014
2024-04-02,2024-04-01 00:00:00,SA00077,European Rivers,Ocean,698641.9099999996,698641.9099999996,0.0,0.0,960.0,727.7519895833328
2024-10-28,2024-10-01 00:00:00,SA00090,Mediterranean,Ocean,1849719.2499999993,1849719.2499999995,0.0,0.0,1944.0,951.5016718106992
2024-12-20,2024-12-01 00:00:00,SA00093,Asia Pacific,Ocean,1648998.6300000001,1648998.6300000001,0.0,0.0,1862.0,885.6061385606876
2025-01-02,2025-01-01 00:00:00,SA00094,Caribbean,Ocean,653195.5200000001,653195.5200000001,0.0,0.0,924.0,706.9215584415585
2025-06-05,2025-06-01 00:00:00,SA00105,Mediterranean,Ocean,927823.77,927823.77,0.0,0.0,1099.0,844.2436487716105
2025-08-22,2025-08-01 00:00:00,SA00110,Caribbean,Ocean,904816.3099999996,904816.3099999996,0.0,0.0,1240.0,729.6905725806448
2025-09-05,2025-09-01 00:00:00,SA00111,Caribbean,Ocean,1161599.4800000002,1161599.4800000002,0.0,0.0,1550.0,749.4190193548388
2025-09-24,2025-09-01 00:00:00,SA00112,Asia Pacific,Ocean,1587363.73,1587363.73,0.0,0.0,1778.0,892.7805005624297
2025-12-20,2025-12-01 00:00:00,SA00118,European Rivers,Ocean,766596.56,766596.56,0.0,0.0,1016.0,754.5241732283465
2026-04-20,2026-04-01 00:00:00,SA00126,Northern Europe,Ocean,839385.3600000001,839385.3600000001,0.0,0.0,1056.0,794.8725000000001
2024-08-12,2024-08-01 00:00:00,SA00156,Alaska,Ocean,1317554.6599999995,1317554.6599999995,0.0,0.0,1665.0,791.3241201201198
2024-12-30,2024-12-01 00:00:00,SA00165,Mediterranean,Ocean,2030402.7399999995,2030402.7399999993,0.0,0.0,2232.0,909.6786469534048
2025-02-16,2025-02-01 00:00:00,SA00169,European Rivers,Ocean,730367.7399999999,730367.7399999999,0.0,0.0,1032.0,707.7206782945735
2025-05-07,2025-05-01 00:00:00,SA00174,European Rivers,Ocean,841116.82,841116.82,0.0,0.0,1168.0,720.1342636986301
2025-08-21,2025-08-01 00:00:00,SA00180,Mediterranean,Ocean,2124950.280000001,2124950.280000001,0.0,0.0,2352.0,903.4652551020413
2025-12-10,2025-12-01 00:00:00,SA00188,Alaska,Ocean,1261717.96,1261717.96,0.0,0.0,1593.0,792.0388951663527
2026-01-09,2026-01-01 00:00:00,SA00190,Asia Pacific,Ocean,1788613.9100000001,1788613.9100000001,0.0,0.0,2058.0,869.1029689018466
2026-04-02,2026-04-01 00:00:00,SA00196,Northern Europe,Ocean,858413.2800000001,858413.2800000003,0.0,0.0,1067.0,804.5110402999064
2026-05-30,2026-05-01 00:00:00,SA00200,Alaska,Ocean,1092038.67,1092038.6699999997,0.0,0.0,1395.0,782.8234193548386
2024-06-16,2024-06-01 00:00:00,SA00227,Mediterranean,Yacht,1333299.75,1333299.75,0.0,0.0,1140.0,1169.5611842105263
2025-02-20,2025-02-01 00:00:00,SA00396,Asia Pacific,Expedition,1617020.3899999997,1617020.3899999997,0.0,0.0,1596.0,1013.1706704260649
2025-11-09,2025-11-01 00:00:00,SA00416,Caribbean,Expedition,811389.0,811389.0,0.0,0.0,994.0,816.2867203219316
2025-12-26,2025-12-01 00:00:00,SA00419,Alaska,Expedition,1044733.2899999999,1044733.2899999999,0.0,0.0,1116.0,936.140940860215
